"value"	"freq"
"1"	"a"	1
"2"	"A"	1
"3"	"A's"	1
"4"	"Aac"	2
"5"	"Aal"	2
"6"	"aar"	3
"7"	"Aar"	2
"8"	"aba"	34
"9"	"abb"	19
"10"	"Abb"	8
"11"	"abd"	24
"12"	"Abd"	2
"13"	"abe"	18
"14"	"Abe"	12
"15"	"abh"	7
"16"	"abi"	7
"17"	"Abi"	6
"18"	"abj"	9
"19"	"abl"	12
"20"	"abn"	11
"21"	"Abn"	2
"22"	"abo"	47
"23"	"abr"	40
"24"	"Abr"	6
"25"	"abs"	92
"26"	"Abs"	2
"27"	"abu"	25
"28"	"Abu"	2
"29"	"aby"	5
"30"	"Aby"	4
"31"	"Ac"	1
"32"	"Ac'"	1
"33"	"aca"	20
"34"	"Aca"	4
"35"	"acc"	196
"36"	"Acc"	4
"37"	"ace"	17
"38"	"Ace"	2
"39"	"ach"	22
"40"	"Ach"	10
"41"	"aci"	13
"42"	"ack"	10
"43"	"acm"	3
"44"	"acn"	2
"45"	"aco"	14
"46"	"Aco"	4
"47"	"acq"	34
"48"	"acr"	28
"49"	"Acr"	3
"50"	"act"	58
"51"	"Act"	6
"52"	"acu"	17
"53"	"Acu"	2
"54"	"ad"	1
"55"	"ad'"	1
"56"	"ada"	26
"57"	"Ada"	12
"58"	"add"	48
"59"	"Add"	8
"60"	"ade"	14
"61"	"Ade"	12
"62"	"adh"	14
"63"	"Adh"	2
"64"	"adi"	7
"65"	"Adi"	6
"66"	"adj"	58
"67"	"Adk"	2
"68"	"Adl"	2
"69"	"adm"	63
"70"	"ado"	35
"71"	"Ado"	9
"72"	"adr"	10
"73"	"Adr"	8
"74"	"ads"	1
"75"	"adu"	36
"76"	"adv"	94
"77"	"Adv"	7
"78"	"adw"	1
"79"	"adz"	5
"80"	"aeg"	2
"81"	"Aeg"	2
"82"	"Ael"	2
"83"	"Aen"	4
"84"	"aeo"	3
"85"	"Aeo"	2
"86"	"aer"	37
"87"	"Aer"	2
"88"	"aes"	7
"89"	"Aes"	6
"90"	"afa"	1
"91"	"aff"	80
"92"	"afg"	3
"93"	"Afg"	7
"94"	"afi"	5
"95"	"afl"	3
"96"	"afo"	5
"97"	"afr"	2
"98"	"Afr"	15
"99"	"aft"	42
"100"	"Ag"	1
"101"	"Ag'"	1
"102"	"aga"	11
"103"	"Aga"	8
"104"	"age"	19
"105"	"agg"	49
"106"	"Agg"	2
"107"	"agh"	1
"108"	"agi"	18
"109"	"agl"	3
"110"	"Agl"	2
"111"	"agn"	5
"112"	"Agn"	6
"113"	"ago"	10
"114"	"agr"	27
"115"	"Agr"	8
"116"	"agu"	2
"117"	"Agu"	8
"118"	"ah"	1
"119"	"aha"	1
"120"	"Aha"	2
"121"	"ahe"	2
"122"	"Ahm"	8
"123"	"aho"	1
"124"	"Ahr"	2
"125"	"aid"	8
"126"	"Aid"	2
"127"	"Aik"	2
"128"	"ail"	10
"129"	"Ail"	2
"130"	"aim"	9
"131"	"Aim"	2
"132"	"ain"	1
"133"	"Ain"	2
"134"	"air"	82
"135"	"Air"	5
"136"	"ais"	3
"137"	"Ais"	2
"138"	"aja"	1
"139"	"Aja"	2
"140"	"Akb"	2
"141"	"Akh"	2
"142"	"aki"	2
"143"	"Aki"	6
"144"	"Akk"	2
"145"	"Akr"	2
"146"	"Al"	1
"147"	"Al'"	1
"148"	"ala"	14
"149"	"Ala"	27
"150"	"alb"	20
"151"	"Alb"	27
"152"	"alc"	16
"153"	"Alc"	18
"154"	"ald"	9
"155"	"Ald"	12
"156"	"ale"	11
"157"	"Ale"	28
"158"	"alf"	3
"159"	"Alf"	12
"160"	"alg"	12
"161"	"Alg"	20
"162"	"Alh"	4
"163"	"ali"	46
"164"	"Ali"	22
"165"	"alk"	10
"166"	"Alk"	2
"167"	"all"	116
"168"	"All"	26
"169"	"alm"	10
"170"	"Alm"	12
"171"	"Aln"	4
"172"	"alo"	14
"173"	"Alo"	2
"174"	"alp"	18
"175"	"Alp"	18
"176"	"alr"	2
"177"	"als"	1
"178"	"Als"	8
"179"	"alt"	49
"180"	"Alt"	18
"181"	"alu"	11
"182"	"Alu"	2
"183"	"Alv"	10
"184"	"alw"	1
"185"	"Aly"	6
"186"	"Alz"	2
"187"	"am"	1
"188"	"Am"	1
"189"	"Am'"	1
"190"	"ama"	41
"191"	"Ama"	19
"192"	"amb"	54
"193"	"Amb"	2
"194"	"AMD"	2
"195"	"ame"	30
"196"	"Ame"	32
"197"	"Amh"	4
"198"	"ami"	21
"199"	"Ami"	6
"200"	"amm"	9
"201"	"Amm"	2
"202"	"amn"	13
"203"	"amo"	35
"204"	"Amo"	4
"205"	"amp"	60
"206"	"Amp"	4
"207"	"Amr"	2
"208"	"Ams"	2
"209"	"Amt"	2
"210"	"amu"	12
"211"	"Amu"	4
"212"	"Amw"	2
"213"	"Amy"	2
"214"	"an"	1
"215"	"ana"	85
"216"	"Ana"	28
"217"	"anc"	42
"218"	"Anc"	2
"219"	"and"	13
"220"	"And"	42
"221"	"ane"	38
"222"	"ang"	51
"223"	"Ang"	57
"224"	"Ång"	2
"225"	"ani"	35
"226"	"Ani"	6
"227"	"ank"	9
"228"	"Ank"	2
"229"	"ann"	66
"230"	"Ann"	22
"231"	"ano"	33
"232"	"Ano"	2
"233"	"ans"	6
"234"	"Ans"	6
"235"	"ant"	207
"236"	"Ant"	52
"237"	"anu"	3
"238"	"Anu"	2
"239"	"anv"	3
"240"	"anx"	5
"241"	"any"	15
"242"	"Anz"	2
"243"	"AOL"	2
"244"	"aor"	4
"245"	"apa"	11
"246"	"Apa"	6
"247"	"ape"	13
"248"	"Ape"	2
"249"	"aph"	19
"250"	"Aph"	2
"251"	"api"	6
"252"	"Api"	2
"253"	"apl"	3
"254"	"apo"	47
"255"	"Apo"	9
"256"	"app"	225
"257"	"App"	16
"258"	"apr"	7
"259"	"Apr"	5
"260"	"aps"	3
"261"	"apt"	9
"262"	"Apu"	2
"263"	"aqu"	36
"264"	"Aqu"	13
"265"	"ara"	7
"266"	"Ara"	36
"267"	"arb"	30
"268"	"Arb"	2
"269"	"arc"	93
"270"	"Arc"	16
"271"	"ard"	9
"272"	"Ard"	2
"273"	"are"	10
"274"	"Are"	4
"275"	"arg"	23
"276"	"Arg"	17
"277"	"ari"	23
"278"	"Ari"	31
"279"	"Arj"	2
"280"	"ark"	3
"281"	"Ark"	8
"282"	"Arl"	6
"283"	"arm"	56
"284"	"Arm"	24
"285"	"Arn"	10
"286"	"aro"	16
"287"	"Aro"	2
"288"	"arp"	3
"289"	"arr"	56
"290"	"Arr"	4
"291"	"ars"	10
"292"	"art"	81
"293"	"Art"	14
"294"	"Aru"	2
"295"	"Ary"	3
"296"	"as"	1
"297"	"As"	1
"298"	"As'"	1
"299"	"Asa"	2
"300"	"asb"	2
"301"	"asc"	40
"302"	"Asc"	2
"303"	"ase"	3
"304"	"Asg"	2
"305"	"ash"	21
"306"	"Ash"	20
"307"	"asi"	7
"308"	"Asi"	11
"309"	"ask"	6
"310"	"asl"	2
"311"	"Asm"	2
"312"	"aso"	1
"313"	"Aso"	2
"314"	"asp"	54
"315"	"Asp"	8
"316"	"Asq"	2
"317"	"ass"	161
"318"	"Ass"	13
"319"	"ast"	74
"320"	"Ast"	18
"321"	"asu"	1
"322"	"Asu"	2
"323"	"Asw"	2
"324"	"asy"	12
"325"	"at"	1
"326"	"ata"	3
"327"	"Ata"	10
"328"	"ate"	4
"329"	"ath"	15
"330"	"Ath"	11
"331"	"Atk"	4
"332"	"atl"	3
"333"	"Atl"	10
"334"	"atm"	5
"335"	"Atm"	2
"336"	"ato"	20
"337"	"atr"	16
"338"	"Atr"	6
"339"	"Ats"	1
"340"	"att"	111
"341"	"Att"	10
"342"	"atw"	1
"343"	"Atw"	2
"344"	"aty"	2
"345"	"Au"	1
"346"	"Au'"	1
"347"	"aub"	2
"348"	"Aub"	2
"349"	"auc"	8
"350"	"Auc"	2
"351"	"aud"	40
"352"	"Aud"	12
"353"	"aug"	24
"354"	"Aug"	17
"355"	"auk"	3
"356"	"aun"	3
"357"	"aur"	15
"358"	"Aur"	14
"359"	"aus"	14
"360"	"Aus"	30
"361"	"aut"	100
"362"	"Aut"	2
"363"	"aux"	3
"364"	"ava"	19
"365"	"Ava"	4
"366"	"ave"	27
"367"	"Ave"	10
"368"	"avi"	19
"369"	"Avi"	10
"370"	"avo"	25
"371"	"Avo"	4
"372"	"avu"	1
"373"	"awa"	24
"374"	"awe"	9
"375"	"awf"	6
"376"	"awh"	1
"377"	"awi"	1
"378"	"awk"	6
"379"	"awl"	3
"380"	"awn"	3
"381"	"awo"	3
"382"	"awr"	1
"383"	"ax"	1
"384"	"ax'"	1
"385"	"axe"	4
"386"	"axi"	9
"387"	"axl"	3
"388"	"axo"	3
"389"	"Axu"	2
"390"	"ay"	1
"391"	"ay'"	1
"392"	"aya"	3
"393"	"Aya"	2
"394"	"aye"	3
"395"	"Aye"	2
"396"	"Aym"	2
"397"	"Ayr"	2
"398"	"Ayu"	2
"399"	"Ayy"	2
"400"	"aza"	3
"401"	"Aza"	6
"402"	"Aze"	4
"403"	"azi"	3
"404"	"Azo"	4
"405"	"Azt"	7
"406"	"azu"	3
"407"	"b"	1
"408"	"B"	1
"409"	"B's"	1
"410"	"Ba"	1
"411"	"Ba'"	1
"412"	"baa"	5
"413"	"Baa"	6
"414"	"bab"	37
"415"	"Bab"	16
"416"	"bac"	175
"417"	"Bac"	16
"418"	"bad"	26
"419"	"Bad"	4
"420"	"Bae"	4
"421"	"baf"	7
"422"	"Baf"	2
"423"	"bag"	21
"424"	"Bag"	6
"425"	"bah"	1
"426"	"Bah"	15
"427"	"bai"	20
"428"	"Bai"	6
"429"	"bak"	11
"430"	"Bak"	10
"431"	"bal"	119
"432"	"Bal"	38
"433"	"bam"	7
"434"	"Bam"	4
"435"	"ban"	140
"436"	"Ban"	34
"437"	"bao"	3
"438"	"Bao"	2
"439"	"bap"	16
"440"	"Bap"	5
"441"	"bar"	192
"442"	"Bar"	93
"443"	"bas"	98
"444"	"Bas"	19
"445"	"bat"	88
"446"	"Bat"	14
"447"	"bau"	8
"448"	"Bau"	10
"449"	"Bav"	4
"450"	"baw"	11
"451"	"Bax"	2
"452"	"bay"	18
"453"	"Bay"	16
"454"	"baz"	8
"455"	"BBB"	2
"456"	"be"	1
"457"	"bea"	125
"458"	"Bea"	40
"459"	"beb"	3
"460"	"bec"	17
"461"	"Bec"	14
"462"	"bed"	66
"463"	"Bed"	5
"464"	"bee"	55
"465"	"Bee"	14
"466"	"bef"	27
"467"	"beg"	40
"468"	"Beg"	2
"469"	"beh"	35
"470"	"Beh"	4
"471"	"bei"	5
"472"	"Bei"	6
"473"	"Bek"	2
"474"	"bel"	110
"475"	"Bel"	45
"476"	"bem"	8
"477"	"ben"	62
"478"	"Ben"	54
"479"	"Beo"	2
"480"	"beq"	7
"481"	"ber"	39
"482"	"Ber"	97
"483"	"bes"	64
"484"	"Bes"	10
"485"	"bet"	56
"486"	"Bet"	24
"487"	"Beu"	2
"488"	"bev"	13
"489"	"Bev"	4
"490"	"bew"	18
"491"	"bey"	1
"492"	"Bey"	2
"493"	"Bho"	2
"494"	"Bhu"	4
"495"	"bia"	12
"496"	"Bia"	4
"497"	"bib"	19
"498"	"Bib"	5
"499"	"bic"	25
"500"	"Bic"	2
"501"	"bid"	20
"502"	"Bid"	4
"503"	"bie"	7
"504"	"Bie"	2
"505"	"bif"	10
"506"	"big"	34
"507"	"Big"	4
"508"	"bik"	11
"509"	"Bik"	2
"510"	"bil"	53
"511"	"Bil"	12
"512"	"bim"	7
"513"	"Bim"	2
"514"	"bin"	37
"515"	"bio"	47
"516"	"Bio"	2
"517"	"bip"	10
"518"	"bir"	59
"519"	"Bir"	10
"520"	"bis"	34
"521"	"Bis"	16
"522"	"bit"	39
"523"	"Bit"	2
"524"	"biv"	8
"525"	"biw"	3
"526"	"biz"	2
"527"	"Biz"	2
"528"	"Bje"	2
"529"	"Bjo"	2
"530"	"bla"	171
"531"	"Bla"	35
"532"	"ble"	65
"533"	"Ble"	4
"534"	"bli"	72
"535"	"Bli"	2
"536"	"blo"	156
"537"	"Blo"	20
"538"	"blu"	113
"539"	"Blu"	7
"540"	"Bly"	2
"541"	"BMW"	2
"542"	"bo'"	6
"543"	"boa"	49
"544"	"Boa"	2
"545"	"bob"	33
"546"	"Bob"	10
"547"	"Boc"	2
"548"	"bod"	24
"549"	"Bod"	4
"550"	"Boe"	11
"551"	"bog"	27
"552"	"Bog"	4
"553"	"boh"	3
"554"	"Boh"	7
"555"	"boi"	15
"556"	"Boi"	2
"557"	"Boj"	2
"558"	"bol"	34
"559"	"Bol"	26
"560"	"bom"	25
"561"	"Bom"	2
"562"	"bon"	64
"563"	"Bon"	22
"564"	"boo"	149
"565"	"Boo"	10
"566"	"Boö"	2
"567"	"bop"	5
"568"	"bor"	45
"569"	"Bor"	32
"570"	"bos"	22
"571"	"Bos"	15
"572"	"bot"	37
"573"	"Bot"	5
"574"	"bou"	70
"575"	"Bou"	10
"576"	"bov"	3
"577"	"Bov"	2
"578"	"bow"	37
"579"	"Bow"	14
"580"	"box"	14
"581"	"boy"	21
"582"	"Boy"	6
"583"	"boz"	3
"584"	"BP"	1
"585"	"BP'"	1
"586"	"bra"	175
"587"	"Bra"	90
"588"	"bre"	132
"589"	"Bre"	35
"590"	"bri"	159
"591"	"Bri"	77
"592"	"Brn"	2
"593"	"bro"	176
"594"	"Bro"	38
"595"	"brr"	1
"596"	"bru"	57
"597"	"Bru"	26
"598"	"Bry"	10
"599"	"Brz"	2
"600"	"BSD"	2
"601"	"Btu"	2
"602"	"bub"	9
"603"	"Bub"	2
"604"	"buc"	54
"605"	"Buc"	16
"606"	"bud"	25
"607"	"Bud"	17
"608"	"buf"	26
"609"	"Buf"	6
"610"	"bug"	27
"611"	"Bug"	4
"612"	"bui"	14
"613"	"Bui"	2
"614"	"Buj"	2
"615"	"Buk"	4
"616"	"bul"	105
"617"	"Bul"	21
"618"	"bum"	34
"619"	"Bum"	2
"620"	"bun"	60
"621"	"Bun"	14
"622"	"Buñ"	2
"623"	"buo"	9
"624"	"bur"	130
"625"	"Bur"	47
"626"	"bus"	84
"627"	"Bus"	8
"628"	"but"	73
"629"	"But"	4
"630"	"bux"	1
"631"	"Bux"	2
"632"	"buy"	10
"633"	"buz"	17
"634"	"by"	1
"635"	"by'"	1
"636"	"Byb"	2
"637"	"bye"	6
"638"	"Bye"	4
"639"	"byg"	3
"640"	"byl"	6
"641"	"byp"	11
"642"	"Byr"	6
"643"	"bys"	3
"644"	"byt"	3
"645"	"byw"	6
"646"	"Byz"	5
"647"	"c"	1
"648"	"C"	1
"649"	"C's"	1
"650"	"Ca"	1
"651"	"Ca'"	1
"652"	"cab"	49
"653"	"Cab"	11
"654"	"cac"	24
"655"	"cad"	39
"656"	"Cad"	4
"657"	"cae"	10
"658"	"Cae"	8
"659"	"caf"	12
"660"	"cag"	14
"661"	"Cag"	4
"662"	"cah"	3
"663"	"Cah"	2
"664"	"cai"	6
"665"	"Cai"	9
"666"	"caj"	6
"667"	"Caj"	3
"668"	"cak"	5
"669"	"cal"	163
"670"	"Cal"	58
"671"	"cam"	90
"672"	"Cam"	43
"673"	"can"	209
"674"	"Can"	52
"675"	"cap"	125
"676"	"Cap"	36
"677"	"car"	337
"678"	"Car"	129
"679"	"cas"	130
"680"	"Cas"	45
"681"	"cat"	195
"682"	"Cat"	40
"683"	"cau"	57
"684"	"Cau"	8
"685"	"cav"	45
"686"	"Cav"	4
"687"	"caw"	5
"688"	"Cax"	2
"689"	"cay"	2
"690"	"Cay"	6
"691"	"Cd"	1
"692"	"Cd'"	1
"693"	"cea"	8
"694"	"Cea"	2
"695"	"Ceb"	4
"696"	"Cec"	10
"697"	"ced"	10
"698"	"Ced"	2
"699"	"cei"	3
"700"	"cel"	51
"701"	"Cel"	18
"702"	"cem"	8
"703"	"cen"	96
"704"	"Cen"	5
"705"	"cep"	1
"706"	"Cep"	4
"707"	"cer"	54
"708"	"Cer"	10
"709"	"ces"	17
"710"	"Ces"	6
"711"	"cet"	3
"712"	"Cet"	2
"713"	"Cey"	2
"714"	"Cez"	2
"715"	"Ch'"	2
"716"	"cha"	368
"717"	"Cha"	126
"718"	"châ"	6
"719"	"che"	187
"720"	"Che"	72
"721"	"chi"	230
"722"	"Chi"	62
"723"	"chl"	21
"724"	"Chl"	2
"725"	"cho"	109
"726"	"Cho"	12
"727"	"chr"	42
"728"	"Chr"	45
"729"	"chu"	77
"730"	"Chu"	18
"731"	"Ci"	1
"732"	"Ci'"	1
"733"	"cia"	3
"734"	"cic"	9
"735"	"Cic"	2
"736"	"cid"	3
"737"	"Cid"	2
"738"	"cig"	12
"739"	"cil"	5
"740"	"Cim"	2
"741"	"cin"	29
"742"	"Cin"	11
"743"	"cip"	5
"744"	"Cip"	2
"745"	"cir"	89
"746"	"Cir"	2
"747"	"cis"	3
"748"	"Cis"	2
"749"	"cit"	31
"750"	"Cit"	6
"751"	"civ"	24
"752"	"Cl"	1
"753"	"Cl'"	1
"754"	"cla"	185
"755"	"Cla"	52
"756"	"cle"	107
"757"	"Cle"	24
"758"	"cli"	99
"759"	"Cli"	18
"760"	"clo"	146
"761"	"Clo"	12
"762"	"clu"	61
"763"	"Cly"	6
"764"	"coa"	69
"765"	"cob"	22
"766"	"Cob"	4
"767"	"coc"	78
"768"	"Coc"	12
"769"	"cod"	43
"770"	"Cod"	2
"771"	"coe"	28
"772"	"cof"	20
"773"	"Cof"	2
"774"	"cog"	32
"775"	"Cog"	2
"776"	"coh"	23
"777"	"Coh"	4
"778"	"coi"	38
"779"	"Coi"	4
"780"	"cok"	5
"781"	"Cok"	3
"782"	"col"	228
"783"	"Col"	54
"784"	"com"	600
"785"	"Com"	29
"786"	"con"	1220
"787"	"Con"	83
"788"	"coo"	85
"789"	"Coo"	14
"790"	"cop"	69
"791"	"Cop"	22
"792"	"coq"	6
"793"	"cor"	261
"794"	"Cor"	75
"795"	"cos"	73
"796"	"Cos"	10
"797"	"cot"	38
"798"	"Cot"	10
"799"	"cou"	234
"800"	"Cou"	12
"801"	"cov"	41
"802"	"Cov"	3
"803"	"cow"	55
"804"	"Cow"	6
"805"	"cox"	7
"806"	"Cox"	2
"807"	"coy"	9
"808"	"Coy"	2
"809"	"coz"	12
"810"	"Coz"	2
"811"	"Cr"	1
"812"	"Cr'"	1
"813"	"cra"	186
"814"	"Cra"	20
"815"	"cre"	162
"816"	"Cre"	27
"817"	"crè"	3
"818"	"cri"	111
"819"	"Cri"	14
"820"	"cro"	169
"821"	"Cro"	32
"822"	"cru"	124
"823"	"Cru"	12
"824"	"cry"	38
"825"	"Cry"	4
"826"	"cs"	1
"827"	"Cs"	1
"828"	"Cso"	2
"829"	"Cte"	2
"830"	"Cth"	2
"831"	"Cu"	1
"832"	"Cu'"	1
"833"	"cub"	24
"834"	"Cub"	5
"835"	"cuc"	11
"836"	"Cuc"	2
"837"	"cud"	18
"838"	"cue"	5
"839"	"cuf"	5
"840"	"cui"	4
"841"	"Cui"	2
"842"	"cul"	47
"843"	"Cul"	4
"844"	"cum"	16
"845"	"Cum"	4
"846"	"cun"	12
"847"	"Cun"	4
"848"	"cup"	23
"849"	"Cup"	2
"850"	"cur"	153
"851"	"Cur"	14
"852"	"cus"	41
"853"	"Cus"	2
"854"	"cut"	47
"855"	"Cuv"	2
"856"	"Cuz"	2
"857"	"CVS"	2
"858"	"cya"	2
"859"	"cyb"	12
"860"	"Cyb"	2
"861"	"cyc"	21
"862"	"Cyc"	4
"863"	"cyg"	3
"864"	"Cyg"	2
"865"	"cyl"	4
"866"	"cym"	3
"867"	"Cym"	2
"868"	"cyn"	10
"869"	"Cyn"	2
"870"	"cyp"	5
"871"	"Cyp"	7
"872"	"Cyr"	8
"873"	"cys"	4
"874"	"cyt"	4
"875"	"cza"	6
"876"	"Cze"	12
"877"	"d"	1
"878"	"D"	1
"879"	"d'A"	2
"880"	"d'E"	2
"881"	"D's"	1
"882"	"dab"	12
"883"	"dac"	12
"884"	"Dac"	7
"885"	"dad"	10
"886"	"Dad"	4
"887"	"dae"	3
"888"	"Dae"	2
"889"	"daf"	9
"890"	"dag"	8
"891"	"Dag"	4
"892"	"dah"	3
"893"	"Dah"	2
"894"	"dai"	31
"895"	"Dai"	4
"896"	"Dak"	7
"897"	"dal"	13
"898"	"Dal"	16
"899"	"dam"	52
"900"	"Dam"	12
"901"	"dan"	40
"902"	"Dan"	33
"903"	"dap"	8
"904"	"Dap"	2
"905"	"dar"	42
"906"	"Dar"	56
"907"	"das"	13
"908"	"dat"	20
"909"	"dau"	22
"910"	"Dau"	4
"911"	"dav"	6
"912"	"Dav"	17
"913"	"daw"	12
"914"	"Daw"	6
"915"	"day"	22
"916"	"Day"	4
"917"	"daz"	10
"918"	"dB"	1
"919"	"dea"	96
"920"	"Dea"	14
"921"	"deb"	90
"922"	"Deb"	18
"923"	"déb"	3
"924"	"dec"	254
"925"	"Dec"	15
"926"	"déc"	1
"927"	"ded"	23
"928"	"Ded"	2
"929"	"dee"	33
"930"	"Dee"	6
"931"	"def"	195
"932"	"Def"	2
"933"	"deg"	19
"934"	"Deg"	2
"935"	"DeG"	2
"936"	"deh"	19
"937"	"dei"	22
"938"	"Dei"	7
"939"	"dej"	7
"940"	"Dej"	2
"941"	"del"	125
"942"	"Del"	56
"943"	"dem"	152
"944"	"Dem"	20
"945"	"den"	98
"946"	"Den"	20
"947"	"deo"	10
"948"	"Deo"	2
"949"	"dep"	177
"950"	"Dep"	2
"951"	"der"	75
"952"	"Der"	10
"953"	"dér"	3
"954"	"des"	206
"955"	"Des"	8
"956"	"det"	128
"957"	"Det"	2
"958"	"dét"	2
"959"	"deu"	5
"960"	"Deu"	2
"961"	"dev"	96
"962"	"Dev"	10
"963"	"dew"	14
"964"	"Dew"	8
"965"	"dex"	8
"966"	"Dex"	4
"967"	"dha"	1
"968"	"Dha"	4
"969"	"dho"	3
"970"	"Di"	1
"971"	"Di'"	1
"972"	"dia"	94
"973"	"Dia"	18
"974"	"dib"	5
"975"	"dic"	49
"976"	"Dic"	12
"977"	"DiC"	2
"978"	"did"	7
"979"	"Did"	6
"980"	"die"	35
"981"	"Die"	10
"982"	"dif"	37
"983"	"dig"	50
"984"	"Dij"	4
"985"	"dik"	5
"986"	"dil"	39
"987"	"Dil"	8
"988"	"dim"	43
"989"	"DiM"	2
"990"	"din"	46
"991"	"Din"	6
"992"	"dio"	16
"993"	"Dio"	16
"994"	"dip"	33
"995"	"Dip"	2
"996"	"dir"	51
"997"	"Dir"	6
"998"	"dis"	1002
"999"	"Dis"	8
"1000"	"dit"	19
"1001"	"diu"	5
"1002"	"div"	106
"1003"	"Diw"	2
"1004"	"Dix"	11
"1005"	"diz"	9
"1006"	"Dja"	2
"1007"	"dji"	5
"1008"	"Dji"	2
"1009"	"Dmi"	2
"1010"	"Dne"	2
"1011"	"Dni"	4
"1012"	"do"	1
"1013"	"do'"	1
"1014"	"doa"	1
"1015"	"Dob"	6
"1016"	"doc"	52
"1017"	"Doc"	3
"1018"	"dod"	17
"1019"	"Dod"	8
"1020"	"doe"	7
"1021"	"Doe"	2
"1022"	"dof"	4
"1023"	"dog"	59
"1024"	"Doh"	2
"1025"	"doi"	6
"1026"	"dol"	39
"1027"	"Dol"	10
"1028"	"dom"	48
"1029"	"Dom"	19
"1030"	"don"	23
"1031"	"Don"	32
"1032"	"doo"	42
"1033"	"Doo"	6
"1034"	"dop"	9
"1035"	"Dop"	2
"1036"	"dor"	25
"1037"	"Dor"	26
"1038"	"dos"	12
"1039"	"Dos"	2
"1040"	"dot"	17
"1041"	"Dot"	4
"1042"	"dou"	48
"1043"	"Dou"	14
"1044"	"dov"	8
"1045"	"Dov"	2
"1046"	"dow"	91
"1047"	"Dow"	6
"1048"	"dox"	3
"1049"	"doy"	3
"1050"	"Doy"	2
"1051"	"doz"	8
"1052"	"dra"	125
"1053"	"Dra"	16
"1054"	"dre"	71
"1055"	"Dre"	8
"1056"	"dri"	74
"1057"	"Dri"	2
"1058"	"dro"	80
"1059"	"Dro"	2
"1060"	"dru"	50
"1061"	"Dru"	4
"1062"	"dry"	16
"1063"	"Dry"	2
"1064"	"Dsc"	2
"1065"	"dua"	4
"1066"	"Dua"	2
"1067"	"dub"	11
"1068"	"Dub"	10
"1069"	"duc"	29
"1070"	"Duc"	2
"1071"	"dud"	10
"1072"	"Dud"	2
"1073"	"due"	19
"1074"	"duf"	4
"1075"	"Duf"	2
"1076"	"dug"	4
"1077"	"duh"	1
"1078"	"Dui"	2
"1079"	"duk"	6
"1080"	"Duk"	2
"1081"	"dul"	19
"1082"	"Dul"	4
"1083"	"dum"	35
"1084"	"Dum"	8
"1085"	"dun"	30
"1086"	"Dun"	16
"1087"	"duo"	8
"1088"	"dup"	20
"1089"	"DuP"	2
"1090"	"dur"	9
"1091"	"Dur"	21
"1092"	"Dür"	2
"1093"	"dus"	27
"1094"	"Dus"	10
"1095"	"Düs"	2
"1096"	"dut"	7
"1097"	"Dut"	6
"1098"	"duv"	1
"1099"	"Duv"	2
"1100"	"Dvi"	2
"1101"	"Dvo"	2
"1102"	"dwa"	9
"1103"	"Dwa"	2
"1104"	"dwe"	13
"1105"	"dwi"	4
"1106"	"Dwi"	2
"1107"	"dya"	1
"1108"	"dye"	10
"1109"	"Dye"	2
"1110"	"dyi"	2
"1111"	"dyk"	3
"1112"	"Dyl"	2
"1113"	"dyn"	20
"1114"	"dys"	16
"1115"	"Dys"	2
"1116"	"Dze"	2
"1117"	"Dzu"	2
"1118"	"e"	1
"1119"	"E"	1
"1120"	"e'e"	1
"1121"	"E's"	1
"1122"	"eac"	1
"1123"	"eag"	12
"1124"	"Eak"	2
"1125"	"ear"	99
"1126"	"Ear"	20
"1127"	"eas"	28
"1128"	"Eas"	12
"1129"	"eat"	13
"1130"	"Eat"	2
"1131"	"eav"	10
"1132"	"eBa"	2
"1133"	"ebb"	5
"1134"	"Ebe"	6
"1135"	"ebo"	3
"1136"	"Ebo"	6
"1137"	"Ebr"	2
"1138"	"ebu"	3
"1139"	"ecc"	11
"1140"	"Ecc"	2
"1141"	"ech"	9
"1142"	"ecl"	13
"1143"	"écl"	5
"1144"	"ECM"	2
"1145"	"eco"	28
"1146"	"Eco"	2
"1147"	"ecr"	2
"1148"	"ecs"	5
"1149"	"ecu"	2
"1150"	"Ecu"	8
"1151"	"ecz"	2
"1152"	"Ed"	1
"1153"	"Ed'"	1
"1154"	"eda"	1
"1155"	"Eda"	3
"1156"	"edd"	5
"1157"	"Edd"	8
"1158"	"ede"	4
"1159"	"Ede"	3
"1160"	"edg"	15
"1161"	"Edg"	4
"1162"	"edi"	38
"1163"	"Edi"	6
"1164"	"Edm"	6
"1165"	"Edn"	2
"1166"	"Eds"	2
"1167"	"edu"	13
"1168"	"Edu"	2
"1169"	"Edw"	12
"1170"	"eel"	3
"1171"	"eer"	7
"1172"	"Eey"	2
"1173"	"eff"	64
"1174"	"Eff"	2
"1175"	"Efr"	4
"1176"	"ega"	5
"1177"	"egg"	19
"1178"	"Egg"	2
"1179"	"egi"	2
"1180"	"egl"	3
"1181"	"ego"	20
"1182"	"egr"	8
"1183"	"Egy"	7
"1184"	"eh"	1
"1185"	"Ehr"	4
"1186"	"Eic"	2
"1187"	"eid"	6
"1188"	"Eif"	2
"1189"	"eig"	20
"1190"	"Eil"	2
"1191"	"Ein"	3
"1192"	"Eir"	2
"1193"	"Eis"	6
"1194"	"eit"	1
"1195"	"eja"	7
"1196"	"eje"	7
"1197"	"eke"	3
"1198"	"eki"	1
"1199"	"ela"	25
"1200"	"Ela"	8
"1201"	"éla"	2
"1202"	"elb"	7
"1203"	"Elb"	8
"1204"	"eld"	10
"1205"	"Eld"	2
"1206"	"ele"	120
"1207"	"Ele"	8
"1208"	"elf"	4
"1209"	"Elg"	2
"1210"	"eli"	32
"1211"	"Eli"	27
"1212"	"elk"	3
"1213"	"ell"	11
"1214"	"Ell"	18
"1215"	"elm"	3
"1216"	"Elm"	6
"1217"	"Eln"	4
"1218"	"elo"	23
"1219"	"Elo"	6
"1220"	"Elr"	2
"1221"	"els"	2
"1222"	"Els"	6
"1223"	"Elt"	4
"1224"	"elu"	15
"1225"	"Elu"	2
"1226"	"elv"	1
"1227"	"Elv"	10
"1228"	"Elw"	4
"1229"	"Ely"	7
"1230"	"em"	1
"1231"	"em'"	1
"1232"	"ema"	33
"1233"	"Ema"	4
"1234"	"emb"	111
"1235"	"emc"	5
"1236"	"eme"	26
"1237"	"Eme"	4
"1238"	"emi"	31
"1239"	"Emi"	12
"1240"	"émi"	3
"1241"	"Emm"	8
"1242"	"emo"	24
"1243"	"Emo"	2
"1244"	"emp"	76
"1245"	"ems"	1
"1246"	"emu"	22
"1247"	"eMu"	2
"1248"	"ena"	22
"1249"	"enc"	118
"1250"	"Enc"	2
"1251"	"end"	67
"1252"	"End"	2
"1253"	"ene"	25
"1254"	"enf"	24
"1255"	"eng"	42
"1256"	"Eng"	16
"1257"	"enh"	8
"1258"	"eni"	5
"1259"	"Eni"	6
"1260"	"enj"	12
"1261"	"Enk"	2
"1262"	"enl"	30
"1263"	"enm"	7
"1264"	"enn"	8
"1265"	"eno"	9
"1266"	"Eno"	4
"1267"	"enq"	7
"1268"	"enr"	26
"1269"	"Enr"	6
"1270"	"ens"	36
"1271"	"ent"	148
"1272"	"Ent"	2
"1273"	"enu"	18
"1274"	"env"	43
"1275"	"enz"	3
"1276"	"Eoc"	2
"1277"	"eon"	3
"1278"	"epa"	6
"1279"	"Epc"	2
"1280"	"épé"	3
"1281"	"eph"	1
"1282"	"Eph"	6
"1283"	"epi"	67
"1284"	"Epi"	15
"1285"	"epo"	10
"1286"	"eps"	1
"1287"	"Eps"	6
"1288"	"equ"	87
"1289"	"Equ"	2
"1290"	"era"	19
"1291"	"Era"	6
"1292"	"ere"	12
"1293"	"Ere"	6
"1294"	"erg"	7
"1295"	"Erh"	2
"1296"	"Eri"	30
"1297"	"Erl"	2
"1298"	"erm"	3
"1299"	"Erm"	2
"1300"	"Ern"	12
"1301"	"ero"	14
"1302"	"Ero"	3
"1303"	"err"	20
"1304"	"Err"	2
"1305"	"ers"	4
"1306"	"Ers"	2
"1307"	"eru"	11
"1308"	"Erv"	2
"1309"	"Erw"	2
"1310"	"ery"	3
"1311"	"es"	1
"1312"	"Es"	1
"1313"	"Esa"	2
"1314"	"esc"	48
"1315"	"Esc"	4
"1316"	"Esk"	3
"1317"	"Esm"	2
"1318"	"eso"	6
"1319"	"esp"	23
"1320"	"Esp"	6
"1321"	"esq"	3
"1322"	"ess"	15
"1323"	"Ess"	10
"1324"	"est"	47
"1325"	"Est"	24
"1326"	"eta"	1
"1327"	"etc"	9
"1328"	"ete"	5
"1329"	"eth"	24
"1330"	"Eth"	13
"1331"	"eti"	5
"1332"	"Etn"	2
"1333"	"Eto"	2
"1334"	"Etr"	4
"1335"	"Ett"	2
"1336"	"étu"	3
"1337"	"ety"	7
"1338"	"euc"	4
"1339"	"Euc"	8
"1340"	"eug"	2
"1341"	"Eug"	8
"1342"	"eul"	8
"1343"	"Eul"	4
"1344"	"Eum"	2
"1345"	"eun"	3
"1346"	"Eun"	2
"1347"	"eup"	10
"1348"	"Eup"	2
"1349"	"eur"	4
"1350"	"Eur"	19
"1351"	"Eus"	2
"1352"	"eut"	3
"1353"	"Eut"	2
"1354"	"eva"	48
"1355"	"Eva"	12
"1356"	"eve"	55
"1357"	"Eve"	18
"1358"	"evi"	35
"1359"	"Evi"	4
"1360"	"evo"	15
"1361"	"ewe"	6
"1362"	"Ewi"	2
"1363"	"ex"	1
"1364"	"ex'"	1
"1365"	"exa"	55
"1366"	"exc"	140
"1367"	"Exc"	7
"1368"	"exe"	63
"1369"	"Exe"	2
"1370"	"exh"	53
"1371"	"exi"	30
"1372"	"exo"	34
"1373"	"Exo"	4
"1374"	"exp"	276
"1375"	"exq"	2
"1376"	"ext"	170
"1377"	"exu"	16
"1378"	"Exx"	2
"1379"	"Eyc"	2
"1380"	"eye"	47
"1381"	"eyi"	1
"1382"	"eyr"	2
"1383"	"Eyr"	2
"1384"	"Eys"	2
"1385"	"Eze"	2
"1386"	"Ezr"	2
"1387"	"f"	1
"1388"	"F"	1
"1389"	"F's"	1
"1390"	"fa"	1
"1391"	"fa'"	1
"1392"	"fab"	16
"1393"	"Fab"	4
"1394"	"fac"	74
"1395"	"Fac"	2
"1396"	"fad"	9
"1397"	"fae"	3
"1398"	"Fae"	2
"1399"	"Faf"	2
"1400"	"fag"	11
"1401"	"Fag"	2
"1402"	"Fah"	4
"1403"	"fai"	57
"1404"	"Fai"	8
"1405"	"fak"	11
"1406"	"fal"	62
"1407"	"Fal"	12
"1408"	"fam"	28
"1409"	"fan"	51
"1410"	"Fan"	4
"1411"	"far"	55
"1412"	"Far"	18
"1413"	"fas"	45
"1414"	"Fas"	3
"1415"	"fat"	66
"1416"	"Fat"	11
"1417"	"fau"	25
"1418"	"Fau"	14
"1419"	"fav"	12
"1420"	"faw"	5
"1421"	"Faw"	2
"1422"	"fax"	5
"1423"	"Fay"	4
"1424"	"faz"	4
"1425"	"FDR"	2
"1426"	"Fe"	1
"1427"	"Fe'"	1
"1428"	"fea"	47
"1429"	"feb"	1
"1430"	"Feb"	5
"1431"	"fec"	7
"1432"	"fed"	22
"1433"	"Fed"	8
"1434"	"fee"	34
"1435"	"fei"	12
"1436"	"fel"	36
"1437"	"Fel"	14
"1438"	"fem"	18
"1439"	"fen"	21
"1440"	"Fen"	2
"1441"	"fer"	56
"1442"	"Fer"	28
"1443"	"fes"	22
"1444"	"fet"	36
"1445"	"fêt"	3
"1446"	"feu"	9
"1447"	"fev"	6
"1448"	"few"	4
"1449"	"fey"	1
"1450"	"Fey"	2
"1451"	"fez"	4
"1452"	"Fez"	2
"1453"	"fia"	13
"1454"	"Fia"	2
"1455"	"fib"	21
"1456"	"Fib"	4
"1457"	"fic"	17
"1458"	"Fic"	2
"1459"	"fid"	21
"1460"	"Fid"	4
"1461"	"fie"	33
"1462"	"Fie"	4
"1463"	"fif"	18
"1464"	"fig"	27
"1465"	"Fig"	4
"1466"	"Fij"	5
"1467"	"fil"	90
"1468"	"Fil"	7
"1469"	"fin"	109
"1470"	"Fin"	15
"1471"	"fio"	3
"1472"	"Fio"	2
"1473"	"fir"	104
"1474"	"Fir"	4
"1475"	"fis"	51
"1476"	"Fis"	6
"1477"	"fit"	17
"1478"	"Fit"	8
"1479"	"fiv"	4
"1480"	"fix"	27
"1481"	"fiz"	13
"1482"	"Fiz"	2
"1483"	"fjo"	3
"1484"	"fla"	243
"1485"	"Fla"	8
"1486"	"fle"	63
"1487"	"Fle"	8
"1488"	"fli"	85
"1489"	"Fli"	4
"1490"	"flo"	143
"1491"	"Flo"	26
"1492"	"flu"	128
"1493"	"fly"	37
"1494"	"Fly"	2
"1495"	"FNM"	2
"1496"	"fo'"	6
"1497"	"foa"	13
"1498"	"fob"	5
"1499"	"foc"	10
"1500"	"Foc"	2
"1501"	"fod"	3
"1502"	"foe"	7
"1503"	"fog"	20
"1504"	"foi"	12
"1505"	"Fok"	2
"1506"	"fol"	37
"1507"	"Fol"	6
"1508"	"fom"	6
"1509"	"Fom"	2
"1510"	"fon"	22
"1511"	"Fon"	2
"1512"	"foo"	90
"1513"	"Foo"	2
"1514"	"fop"	4
"1515"	"for"	403
"1516"	"For"	23
"1517"	"fos"	13
"1518"	"Fos"	4
"1519"	"Fot"	2
"1520"	"fou"	58
"1521"	"Fou"	6
"1522"	"fow"	5
"1523"	"Fow"	2
"1524"	"fox"	22
"1525"	"Fox"	2
"1526"	"foy"	3
"1527"	"Fr"	1
"1528"	"Fr'"	1
"1529"	"fra"	125
"1530"	"Fra"	56
"1531"	"fre"	150
"1532"	"Fre"	57
"1533"	"fri"	104
"1534"	"Fri"	23
"1535"	"fro"	82
"1536"	"Fro"	14
"1537"	"fru"	44
"1538"	"fry"	6
"1539"	"Fry"	4
"1540"	"FSF"	2
"1541"	"fuc"	11
"1542"	"Fuc"	2
"1543"	"fud"	10
"1544"	"fue"	7
"1545"	"Fue"	2
"1546"	"fug"	6
"1547"	"Fug"	2
"1548"	"Fuj"	6
"1549"	"Fuk"	4
"1550"	"ful"	37
"1551"	"Ful"	8
"1552"	"fum"	22
"1553"	"fun"	71
"1554"	"Fun"	4
"1555"	"fur"	68
"1556"	"Fur"	2
"1557"	"fus"	34
"1558"	"Fus"	2
"1559"	"fut"	18
"1560"	"fuz"	16
"1561"	"Fuz"	4
"1562"	"g"	1
"1563"	"G"	1
"1564"	"G's"	1
"1565"	"gab"	23
"1566"	"Gab"	12
"1567"	"Gac"	2
"1568"	"gad"	15
"1569"	"Gad"	2
"1570"	"Gae"	6
"1571"	"gaf"	8
"1572"	"gag"	13
"1573"	"Gag"	4
"1574"	"gai"	20
"1575"	"Gai"	10
"1576"	"gal"	70
"1577"	"Gal"	47
"1578"	"gam"	56
"1579"	"Gam"	8
"1580"	"gan"	42
"1581"	"Gan"	14
"1582"	"gap"	8
"1583"	"Gap"	2
"1584"	"gar"	110
"1585"	"Gar"	36
"1586"	"gas"	42
"1587"	"Gas"	4
"1588"	"gat"	24
"1589"	"Gat"	10
"1590"	"gau"	30
"1591"	"Gau"	13
"1592"	"gav"	7
"1593"	"Gav"	2
"1594"	"gaw"	10
"1595"	"Gaw"	2
"1596"	"gay"	10
"1597"	"Gay"	4
"1598"	"gaz"	27
"1599"	"Gaz"	4
"1600"	"Gd"	1
"1601"	"Gd'"	1
"1602"	"Gda"	2
"1603"	"Ge"	1
"1604"	"GE"	1
"1605"	"Ge'"	1
"1606"	"GE'"	1
"1607"	"gea"	14
"1608"	"gec"	4
"1609"	"gee"	18
"1610"	"Gef"	2
"1611"	"Geh"	4
"1612"	"gei"	3
"1613"	"Gei"	2
"1614"	"gel"	18
"1615"	"Gel"	4
"1616"	"gem"	6
"1617"	"Gem"	3
"1618"	"gen"	144
"1619"	"Gen"	26
"1620"	"geo"	45
"1621"	"Geo"	18
"1622"	"ger"	41
"1623"	"Ger"	29
"1624"	"ges"	19
"1625"	"Ges"	3
"1626"	"get"	8
"1627"	"Get"	6
"1628"	"gew"	3
"1629"	"Gew"	2
"1630"	"gey"	3
"1631"	"gha"	5
"1632"	"Gha"	10
"1633"	"ghe"	7
"1634"	"Ghe"	2
"1635"	"Ghi"	2
"1636"	"gho"	22
"1637"	"gia"	6
"1638"	"Gia"	6
"1639"	"gib"	22
"1640"	"Gib"	9
"1641"	"gid"	6
"1642"	"Gid"	4
"1643"	"Gie"	4
"1644"	"gif"	5
"1645"	"gig"	31
"1646"	"gil"	11
"1647"	"Gil"	32
"1648"	"gim"	16
"1649"	"gin"	27
"1650"	"Gin"	16
"1651"	"Gio"	6
"1652"	"gip"	3
"1653"	"Gip"	3
"1654"	"gir"	34
"1655"	"Gir"	2
"1656"	"gis"	5
"1657"	"Gis"	4
"1658"	"Git"	2
"1659"	"Giu"	4
"1660"	"giv"	9
"1661"	"giz"	6
"1662"	"Giz"	2
"1663"	"gla"	90
"1664"	"Gla"	17
"1665"	"gle"	17
"1666"	"Gle"	13
"1667"	"gli"	54
"1668"	"glo"	88
"1669"	"Glo"	6
"1670"	"glu"	32
"1671"	"gly"	9
"1672"	"gna"	20
"1673"	"gne"	2
"1674"	"gno"	4
"1675"	"Gno"	4
"1676"	"gnu"	3
"1677"	"GNU"	2
"1678"	"go"	1
"1679"	"go'"	1
"1680"	"goa"	32
"1681"	"Goa"	2
"1682"	"gob"	23
"1683"	"Gob"	2
"1684"	"god"	42
"1685"	"God"	14
"1686"	"Göd"	2
"1687"	"goe"	1
"1688"	"Goe"	8
"1689"	"gof"	3
"1690"	"Gof"	2
"1691"	"gog"	6
"1692"	"Gog"	4
"1693"	"goi"	9
"1694"	"Goi"	2
"1695"	"gol"	33
"1696"	"Gol"	30
"1697"	"Gom"	8
"1698"	"gon"	23
"1699"	"Gon"	8
"1700"	"goo"	60
"1701"	"Goo"	18
"1702"	"gop"	3
"1703"	"Gop"	1
"1704"	"gor"	22
"1705"	"Gor"	20
"1706"	"gos"	17
"1707"	"Gos"	3
"1708"	"got"	3
"1709"	"Got"	8
"1710"	"Göt"	2
"1711"	"gou"	25
"1712"	"Gou"	7
"1713"	"gov"	19
"1714"	"gow"	5
"1715"	"Goy"	2
"1716"	"gra"	304
"1717"	"Gra"	38
"1718"	"gre"	88
"1719"	"Gre"	57
"1720"	"gri"	110
"1721"	"Gri"	14
"1722"	"gro"	154
"1723"	"Gro"	12
"1724"	"gru"	58
"1725"	"Gru"	9
"1726"	"Grü"	2
"1727"	"gry"	3
"1728"	"gs"	1
"1729"	"GTE"	2
"1730"	"gua"	43
"1731"	"Gua"	29
"1732"	"gub"	1
"1733"	"Guc"	2
"1734"	"gue"	27
"1735"	"Gue"	11
"1736"	"guf"	7
"1737"	"Gug"	2
"1738"	"gui"	49
"1739"	"Gui"	17
"1740"	"Guj"	6
"1741"	"gul"	30
"1742"	"Gul"	4
"1743"	"gum"	16
"1744"	"Gum"	2
"1745"	"gun"	49
"1746"	"Gun"	2
"1747"	"Guo"	2
"1748"	"gup"	3
"1749"	"Gup"	2
"1750"	"gur"	11
"1751"	"Gur"	2
"1752"	"gus"	27
"1753"	"Gus"	8
"1754"	"gut"	20
"1755"	"Gut"	6
"1756"	"guy"	5
"1757"	"Guy"	6
"1758"	"guz"	7
"1759"	"Guz"	2
"1760"	"Gwa"	2
"1761"	"Gwe"	6
"1762"	"Gwy"	2
"1763"	"gyb"	5
"1764"	"gym"	16
"1765"	"gyn"	6
"1766"	"gyp"	10
"1767"	"Gyp"	3
"1768"	"gyr"	13
"1769"	"h"	1
"1770"	"H"	1
"1771"	"h'm"	1
"1772"	"H's"	1
"1773"	"ha"	1
"1774"	"Haa"	2
"1775"	"hab"	29
"1776"	"Hab"	4
"1777"	"hac"	25
"1778"	"had"	5
"1779"	"Had"	6
"1780"	"hae"	10
"1781"	"haf"	5
"1782"	"Haf"	2
"1783"	"hag"	12
"1784"	"Hag"	8
"1785"	"hah"	1
"1786"	"Hah"	2
"1787"	"hai"	66
"1788"	"Hai"	9
"1789"	"hak"	3
"1790"	"Hak"	4
"1791"	"hal"	95
"1792"	"Hal"	34
"1793"	"ham"	36
"1794"	"Ham"	39
"1795"	"han"	165
"1796"	"Han"	39
"1797"	"hap"	18
"1798"	"Hap"	2
"1799"	"har"	183
"1800"	"Har"	60
"1801"	"has"	40
"1802"	"Has"	6
"1803"	"hat"	42
"1804"	"Hat"	10
"1805"	"hau"	25
"1806"	"Hau"	6
"1807"	"hav"	13
"1808"	"Hav"	9
"1809"	"haw"	20
"1810"	"Haw"	11
"1811"	"hay"	21
"1812"	"Hay"	16
"1813"	"haz"	26
"1814"	"Haz"	4
"1815"	"HBO"	2
"1816"	"he"	1
"1817"	"He"	1
"1818"	"he'"	3
"1819"	"He'"	1
"1820"	"hea"	220
"1821"	"Hea"	10
"1822"	"Heb"	12
"1823"	"hec"	21
"1824"	"Hec"	6
"1825"	"hed"	17
"1826"	"hee"	20
"1827"	"Hee"	2
"1828"	"hef"	8
"1829"	"Hef"	2
"1830"	"heg"	2
"1831"	"Heg"	6
"1832"	"hei"	28
"1833"	"Hei"	24
"1834"	"hel"	73
"1835"	"Hel"	40
"1836"	"Hél"	2
"1837"	"hem"	44
"1838"	"Hem"	2
"1839"	"hen"	18
"1840"	"Hen"	22
"1841"	"hep"	9
"1842"	"Hep"	6
"1843"	"her"	111
"1844"	"Her"	62
"1845"	"hes"	13
"1846"	"Hes"	16
"1847"	"het"	11
"1848"	"Het"	2
"1849"	"heu"	3
"1850"	"hew"	8
"1851"	"Hew"	4
"1852"	"hex"	13
"1853"	"hey"	4
"1854"	"Hey"	4
"1855"	"Hez"	4
"1856"	"Hg"	1
"1857"	"Hg'"	1
"1858"	"hi"	1
"1859"	"hia"	3
"1860"	"Hia"	4
"1861"	"hib"	12
"1862"	"Hib"	2
"1863"	"hic"	19
"1864"	"Hic"	6
"1865"	"hid"	19
"1866"	"hie"	12
"1867"	"Hie"	2
"1868"	"hif"	1
"1869"	"hig"	52
"1870"	"Hig"	7
"1871"	"hij"	10
"1872"	"hik"	8
"1873"	"hil"	25
"1874"	"Hil"	20
"1875"	"him"	3
"1876"	"Him"	6
"1877"	"hin"	29
"1878"	"Hin"	22
"1879"	"hip"	19
"1880"	"Hip"	6
"1881"	"hir"	9
"1882"	"Hir"	8
"1883"	"his"	24
"1884"	"His"	7
"1885"	"hit"	22
"1886"	"Hit"	9
"1887"	"hiv"	5
"1888"	"Hmo"	2
"1889"	"ho"	1
"1890"	"ho'"	1
"1891"	"hoa"	34
"1892"	"hob"	34
"1893"	"Hob"	6
"1894"	"hoc"	10
"1895"	"Hoc"	2
"1896"	"hod"	6
"1897"	"Hod"	6
"1898"	"hoe"	8
"1899"	"Hof"	8
"1900"	"hog"	14
"1901"	"Hog"	6
"1902"	"Hoh"	10
"1903"	"hoi"	5
"1904"	"hok"	5
"1905"	"Hok"	4
"1906"	"hol"	72
"1907"	"Hol"	42
"1908"	"hom"	129
"1909"	"Hom"	4
"1910"	"hon"	62
"1911"	"Hon"	18
"1912"	"hoo"	81
"1913"	"Hoo"	15
"1914"	"hop"	28
"1915"	"Hop"	10
"1916"	"hor"	101
"1917"	"Hor"	24
"1918"	"hos"	65
"1919"	"Hos"	2
"1920"	"hot"	33
"1921"	"Hot"	4
"1922"	"hou"	78
"1923"	"Hou"	10
"1924"	"hov"	11
"1925"	"Hov"	2
"1926"	"how"	20
"1927"	"How"	8
"1928"	"Hoy"	2
"1929"	"Hro"	2
"1930"	"HSB"	2
"1931"	"Hua"	2
"1932"	"hub"	14
"1933"	"Hub"	8
"1934"	"huc"	8
"1935"	"Huc"	2
"1936"	"hud"	5
"1937"	"Hud"	2
"1938"	"hue"	4
"1939"	"Hue"	4
"1940"	"huf"	9
"1941"	"Huf"	4
"1942"	"hug"	11
"1943"	"Hug"	11
"1944"	"huh"	1
"1945"	"Hui"	4
"1946"	"hul"	15
"1947"	"Hul"	2
"1948"	"hum"	124
"1949"	"Hum"	12
"1950"	"hun"	52
"1951"	"Hun"	20
"1952"	"hur"	44
"1953"	"Hur"	6
"1954"	"hus"	44
"1955"	"Hus"	10
"1956"	"hut"	10
"1957"	"Hut"	6
"1958"	"Hux"	2
"1959"	"Huy"	2
"1960"	"hya"	6
"1961"	"Hya"	2
"1962"	"hyb"	7
"1963"	"hyd"	55
"1964"	"Hyd"	6
"1965"	"hye"	3
"1966"	"hyg"	10
"1967"	"hyi"	1
"1968"	"hym"	11
"1969"	"Hym"	2
"1970"	"hyp"	110
"1971"	"Hyp"	2
"1972"	"hys"	12
"1973"	"Hyu"	2
"1974"	"Hz"	1
"1975"	"Hz'"	1
"1976"	"i"	1
"1977"	"I"	1
"1978"	"I'd"	1
"1979"	"I'l"	1
"1980"	"I'm"	1
"1981"	"I's"	1
"1982"	"I'v"	1
"1983"	"Iac"	2
"1984"	"Iag"	2
"1985"	"iam"	6
"1986"	"Ian"	2
"1987"	"Iap"	2
"1988"	"Iba"	2
"1989"	"ibe"	3
"1990"	"Ibe"	4
"1991"	"ibi"	4
"1992"	"Ibi"	2
"1993"	"Ibl"	2
"1994"	"IBM"	2
"1995"	"Ibo"	2
"1996"	"Ibs"	2
"1997"	"ibu"	2
"1998"	"Ica"	4
"1999"	"ice"	17
"2000"	"Ice"	7
"2001"	"ici"	11
"2002"	"ick"	3
"2003"	"ico"	7
"2004"	"icy"	1
"2005"	"id"	1
"2006"	"id'"	1
"2007"	"Ida"	7
"2008"	"ide"	50
"2009"	"idi"	17
"2010"	"idl"	12
"2011"	"ido"	13
"2012"	"ids"	1
"2013"	"idy"	7
"2014"	"Iey"	2
"2015"	"if"	1
"2016"	"if'"	1
"2017"	"iff"	3
"2018"	"ifs"	1
"2019"	"igl"	3
"2020"	"ign"	26
"2021"	"Ign"	4
"2022"	"Igo"	2
"2023"	"igu"	3
"2024"	"Igu"	2
"2025"	"Ijs"	4
"2026"	"Ike"	2
"2027"	"IKE"	2
"2028"	"Ikh"	2
"2029"	"iko"	3
"2030"	"Ila"	2
"2031"	"Ile"	2
"2032"	"Ili"	2
"2033"	"ilk"	3
"2034"	"ill"	61
"2035"	"Ill"	4
"2036"	"Ily"	2
"2037"	"ima"	22
"2038"	"imb"	26
"2039"	"Ime"	2
"2040"	"Imh"	2
"2041"	"imi"	11
"2042"	"imm"	104
"2043"	"Imo"	4
"2044"	"imp"	422
"2045"	"Imu"	2
"2046"	"in"	1
"2047"	"in'"	1
"2048"	"ina"	62
"2049"	"Ina"	2
"2050"	"inb"	14
"2051"	"inc"	297
"2052"	"Inc"	5
"2053"	"ind"	244
"2054"	"Ind"	35
"2055"	"ine"	85
"2056"	"Ine"	4
"2057"	"inf"	230
"2058"	"ing"	42
"2059"	"Ing"	9
"2060"	"ING"	2
"2061"	"inh"	55
"2062"	"ini"	35
"2063"	"inj"	25
"2064"	"ink"	19
"2065"	"inl"	11
"2066"	"inm"	4
"2067"	"inn"	39
"2068"	"Inn"	2
"2069"	"ino"	15
"2070"	"Ino"	2
"2071"	"inp"	8
"2072"	"inq"	26
"2073"	"Inq"	2
"2074"	"inr"	3
"2075"	"ins"	313
"2076"	"Ins"	4
"2077"	"int"	546
"2078"	"Int"	10
"2079"	"inu"	11
"2080"	"Inu"	5
"2081"	"inv"	155
"2082"	"Inv"	2
"2083"	"inw"	3
"2084"	"iod"	6
"2085"	"ion"	15
"2086"	"Ion"	7
"2087"	"iot"	3
"2088"	"Iow"	6
"2089"	"iPa"	2
"2090"	"ipe"	3
"2091"	"iPh"	2
"2092"	"Iph"	2
"2093"	"iPo"	2
"2094"	"Iqa"	2
"2095"	"Iqb"	2
"2096"	"Iqu"	2
"2097"	"ira"	7
"2098"	"Ira"	12
"2099"	"ire"	2
"2100"	"Ire"	4
"2101"	"iri"	8
"2102"	"Iri"	13
"2103"	"irk"	5
"2104"	"Irk"	2
"2105"	"Irm"	2
"2106"	"iro"	19
"2107"	"Iro"	4
"2108"	"irr"	85
"2109"	"Irr"	2
"2110"	"Irt"	2
"2111"	"Irv"	4
"2112"	"Irw"	2
"2113"	"is"	1
"2114"	"Isa"	10
"2115"	"Isc"	2
"2116"	"Isf"	2
"2117"	"Ish"	8
"2118"	"isi"	2
"2119"	"Isi"	6
"2120"	"isl"	12
"2121"	"Isl"	11
"2122"	"ism"	3
"2123"	"Ism"	4
"2124"	"isn"	1
"2125"	"iso"	25
"2126"	"Iso"	2
"2127"	"ISO"	2
"2128"	"Isp"	2
"2129"	"Isr"	8
"2130"	"iss"	7
"2131"	"Iss"	4
"2132"	"ist"	4
"2133"	"Ist"	2
"2134"	"Isu"	2
"2135"	"it"	1
"2136"	"it'"	3
"2137"	"ita"	8
"2138"	"Ita"	9
"2139"	"itc"	10
"2140"	"ite"	19
"2141"	"Ith"	4
"2142"	"iti"	6
"2143"	"Ito"	2
"2144"	"its"	2
"2145"	"iTu"	2
"2146"	"Iva"	6
"2147"	"Ive"	2
"2148"	"ivi"	1
"2149"	"ivo"	3
"2150"	"Ivo"	2
"2151"	"ivy"	2
"2152"	"Ivy"	2
"2153"	"Iya"	2
"2154"	"Iza"	6
"2155"	"Izh"	2
"2156"	"Izm"	2
"2157"	"Izo"	2
"2158"	"Izv"	2
"2159"	"j"	1
"2160"	"J"	1
"2161"	"J's"	1
"2162"	"jab"	16
"2163"	"jac"	35
"2164"	"Jac"	40
"2165"	"jad"	5
"2166"	"jag"	12
"2167"	"Jag"	6
"2168"	"Jah"	2
"2169"	"jai"	14
"2170"	"Jai"	8
"2171"	"Jak"	4
"2172"	"jal"	9
"2173"	"jam"	11
"2174"	"Jam"	23
"2175"	"jan"	9
"2176"	"Jan"	41
"2177"	"jap"	10
"2178"	"Jap"	7
"2179"	"jar"	10
"2180"	"Jar"	12
"2181"	"jas"	5
"2182"	"Jas"	6
"2183"	"Jat"	2
"2184"	"jau"	16
"2185"	"jav"	3
"2186"	"Jav"	9
"2187"	"jaw"	13
"2188"	"Jax"	2
"2189"	"jay"	10
"2190"	"Jay"	14
"2191"	"jaz"	8
"2192"	"jea"	7
"2193"	"Jea"	16
"2194"	"Jed"	4
"2195"	"jee"	10
"2196"	"Jee"	4
"2197"	"Jef"	14
"2198"	"jeh"	3
"2199"	"Jeh"	4
"2200"	"jej"	1
"2201"	"Jek"	2
"2202"	"jel"	17
"2203"	"Jen"	18
"2204"	"jeo"	6
"2205"	"Jep"	2
"2206"	"jer"	20
"2207"	"Jer"	32
"2208"	"jes"	11
"2209"	"Jes"	13
"2210"	"jet"	15
"2211"	"Jet"	2
"2212"	"jew"	16
"2213"	"Jew"	12
"2214"	"Jez"	3
"2215"	"JFK"	2
"2216"	"jib"	10
"2217"	"Jid"	2
"2218"	"jif"	3
"2219"	"jig"	21
"2220"	"jih"	6
"2221"	"jil"	5
"2222"	"Jil"	6
"2223"	"jim"	5
"2224"	"Jim"	8
"2225"	"jin"	28
"2226"	"Jin"	6
"2227"	"jit"	13
"2228"	"jiu"	2
"2229"	"jiv"	5
"2230"	"Jiv"	2
"2231"	"Jo"	1
"2232"	"Jo'"	1
"2233"	"Joa"	10
"2234"	"job"	11
"2235"	"Job"	4
"2236"	"joc"	23
"2237"	"Joc"	8
"2238"	"jod"	2
"2239"	"Jod"	6
"2240"	"Joe"	6
"2241"	"jog"	14
"2242"	"Jog"	2
"2243"	"joh"	3
"2244"	"Joh"	26
"2245"	"joi"	17
"2246"	"jok"	9
"2247"	"jol"	16
"2248"	"Jol"	6
"2249"	"jon"	3
"2250"	"Jon"	17
"2251"	"Jop"	2
"2252"	"Jor"	7
"2253"	"jos"	10
"2254"	"Jos"	25
"2255"	"jot"	7
"2256"	"jou"	32
"2257"	"Jou"	2
"2258"	"jov"	4
"2259"	"Jov"	4
"2260"	"jow"	3
"2261"	"joy"	29
"2262"	"Joy"	8
"2263"	"Jua"	8
"2264"	"jub"	7
"2265"	"Jub"	2
"2266"	"jud"	28
"2267"	"Jud"	22
"2268"	"jug"	19
"2269"	"Jug"	2
"2270"	"jui"	14
"2271"	"juj"	7
"2272"	"juk"	3
"2273"	"jul"	4
"2274"	"Jul"	25
"2275"	"jum"	24
"2276"	"jun"	45
"2277"	"Jun"	16
"2278"	"Jup"	2
"2279"	"jur"	15
"2280"	"Jur"	4
"2281"	"jus"	18
"2282"	"Jus"	8
"2283"	"jut"	7
"2284"	"Jut"	2
"2285"	"juv"	3
"2286"	"Juv"	2
"2287"	"jux"	7
"2288"	"k"	1
"2289"	"K"	1
"2290"	"K's"	1
"2291"	"Kaa"	2
"2292"	"kab"	4
"2293"	"Kab"	2
"2294"	"kaf"	3
"2295"	"Kaf"	4
"2296"	"Kag"	2
"2297"	"Kah"	2
"2298"	"Kai"	6
"2299"	"kal"	6
"2300"	"Kal"	16
"2301"	"kam"	3
"2302"	"Kam"	10
"2303"	"kan"	3
"2304"	"Kan"	23
"2305"	"kao"	2
"2306"	"Kao"	2
"2307"	"kap"	3
"2308"	"Kap"	2
"2309"	"kar"	12
"2310"	"Kar"	36
"2311"	"Kas"	8
"2312"	"kat"	3
"2313"	"Kat"	36
"2314"	"Kau"	8
"2315"	"Kaw"	4
"2316"	"kay"	5
"2317"	"Kay"	6
"2318"	"kaz"	3
"2319"	"Kaz"	8
"2320"	"Kea"	4
"2321"	"keb"	6
"2322"	"Kec"	2
"2323"	"kee"	26
"2324"	"Kee"	4
"2325"	"keg"	3
"2326"	"Kei"	6
"2327"	"kel"	2
"2328"	"Kel"	16
"2329"	"Kem"	6
"2330"	"ken"	12
"2331"	"Ken"	36
"2332"	"Keo"	4
"2333"	"kep"	1
"2334"	"Kep"	2
"2335"	"ker"	13
"2336"	"Ker"	16
"2337"	"kes"	3
"2338"	"ket"	11
"2339"	"Ket"	2
"2340"	"Kev"	8
"2341"	"Kew"	2
"2342"	"key"	37
"2343"	"Key"	6
"2344"	"KFC"	2
"2345"	"kha"	6
"2346"	"Kha"	16
"2347"	"Khm"	2
"2348"	"Kho"	8
"2349"	"Khr"	2
"2350"	"Khu"	4
"2351"	"Khw"	2
"2352"	"Khy"	2
"2353"	"kHz"	1
"2354"	"kib"	12
"2355"	"kic"	20
"2356"	"Kic"	2
"2357"	"kid"	34
"2358"	"Kid"	2
"2359"	"kie"	4
"2360"	"Kie"	8
"2361"	"Kig"	2
"2362"	"Kik"	2
"2363"	"kil"	50
"2364"	"Kil"	6
"2365"	"kim"	3
"2366"	"Kim"	6
"2367"	"kin"	73
"2368"	"Kin"	13
"2369"	"kio"	3
"2370"	"Kio"	2
"2371"	"kip"	5
"2372"	"Kip"	4
"2373"	"Kir"	24
"2374"	"kis"	10
"2375"	"Kis"	8
"2376"	"kit"	28
"2377"	"Kit"	8
"2378"	"kiw"	3
"2379"	"Kiw"	2
"2380"	"Kla"	6
"2381"	"kle"	5
"2382"	"Kle"	7
"2383"	"Kli"	6
"2384"	"Klo"	3
"2385"	"klu"	6
"2386"	"Kma"	2
"2387"	"kna"	16
"2388"	"Kna"	2
"2389"	"kne"	28
"2390"	"Kne"	2
"2391"	"Kng"	2
"2392"	"kni"	31
"2393"	"Kni"	6
"2394"	"kno"	45
"2395"	"Kno"	10
"2396"	"knu"	8
"2397"	"Knu"	4
"2398"	"koa"	3
"2399"	"Kob"	2
"2400"	"Koc"	4
"2401"	"Kod"	8
"2402"	"Koe"	2
"2403"	"koh"	3
"2404"	"Koh"	4
"2405"	"Koi"	2
"2406"	"Koj"	2
"2407"	"Kol"	2
"2408"	"Köl"	2
"2409"	"Kom"	2
"2410"	"Kon"	6
"2411"	"koo"	12
"2412"	"Koo"	2
"2413"	"kop"	6
"2414"	"Kop"	2
"2415"	"Kor"	14
"2416"	"kos"	4
"2417"	"Kos"	6
"2418"	"Kou"	2
"2419"	"kow"	5
"2420"	"Kow"	2
"2421"	"Kr"	1
"2422"	"Kr'"	1
"2423"	"Kra"	12
"2424"	"Kre"	7
"2425"	"Kri"	26
"2426"	"kro"	4
"2427"	"Kro"	8
"2428"	"kró"	3
"2429"	"Kru"	6
"2430"	"kry"	2
"2431"	"Kry"	2
"2432"	"ks"	1
"2433"	"Ksh"	2
"2434"	"Kub"	4
"2435"	"kud"	5
"2436"	"Kuh"	2
"2437"	"Kui"	2
"2438"	"Kul"	2
"2439"	"kum"	3
"2440"	"Kun"	2
"2441"	"Kuo"	2
"2442"	"Kur"	14
"2443"	"Kus"	2
"2444"	"Kut"	2
"2445"	"Kuw"	5
"2446"	"Kuz"	4
"2447"	"kW"	1
"2448"	"Kwa"	9
"2449"	"Kyl"	2
"2450"	"Kyo"	2
"2451"	"Kyr"	2
"2452"	"Kyu"	2
"2453"	"l"	1
"2454"	"L"	1
"2455"	"L'A"	2
"2456"	"L'O"	4
"2457"	"L's"	1
"2458"	"la"	1
"2459"	"La"	1
"2460"	"la'"	1
"2461"	"La'"	1
"2462"	"lab"	36
"2463"	"Lab"	5
"2464"	"lac"	51
"2465"	"Lac"	6
"2466"	"lad"	38
"2467"	"Lad"	4
"2468"	"Laf"	4
"2469"	"lag"	17
"2470"	"Lag"	6
"2471"	"Lah"	2
"2472"	"lai"	7
"2473"	"Lai"	2
"2474"	"Laj"	2
"2475"	"lak"	3
"2476"	"Lak"	9
"2477"	"lal"	4
"2478"	"lam"	79
"2479"	"Lam"	16
"2480"	"lan"	99
"2481"	"Lan"	42
"2482"	"Lao"	9
"2483"	"lap"	22
"2484"	"Lap"	7
"2485"	"lar"	55
"2486"	"Lar"	18
"2487"	"las"	39
"2488"	"Las"	9
"2489"	"lat"	62
"2490"	"Lat"	25
"2491"	"lau"	53
"2492"	"Lau"	24
"2493"	"lav"	17
"2494"	"Lav"	10
"2495"	"law"	31
"2496"	"Law"	6
"2497"	"lax"	11
"2498"	"lay"	33
"2499"	"Lay"	4
"2500"	"laz"	16
"2501"	"Laz"	4
"2502"	"LBJ"	2
"2503"	"Le"	1
"2504"	"Le'"	1
"2505"	"lea"	121
"2506"	"Lea"	28
"2507"	"Leb"	8
"2508"	"lec"	20
"2509"	"led"	7
"2510"	"Led"	4
"2511"	"lee"	24
"2512"	"Lee"	8
"2513"	"lef"	20
"2514"	"Lef"	1
"2515"	"leg"	100
"2516"	"Leg"	10
"2517"	"Leh"	2
"2518"	"lei"	9
"2519"	"Lei"	14
"2520"	"Lel"	6
"2521"	"lem"	15
"2522"	"Lem"	6
"2523"	"len"	30
"2524"	"Len"	31
"2525"	"leo"	7
"2526"	"Leo"	27
"2527"	"lep"	10
"2528"	"Lep"	6
"2529"	"Ler"	4
"2530"	"les"	25
"2531"	"Les"	18
"2532"	"let"	29
"2533"	"Let"	12
"2534"	"leu"	5
"2535"	"lev"	46
"2536"	"Lev"	16
"2537"	"lew"	6
"2538"	"Lew"	6
"2539"	"lex"	10
"2540"	"Lex"	4
"2541"	"Lha"	2
"2542"	"Lho"	2
"2543"	"Li"	1
"2544"	"Li'"	1
"2545"	"lia"	14
"2546"	"lib"	70
"2547"	"Lib"	23
"2548"	"lic"	38
"2549"	"Lic"	2
"2550"	"lid"	4
"2551"	"Lid"	2
"2552"	"lie"	20
"2553"	"Lie"	10
"2554"	"lif"	44
"2555"	"lig"	42
"2556"	"lik"	28
"2557"	"lil"	11
"2558"	"Lil"	29
"2559"	"lim"	66
"2560"	"Lim"	12
"2561"	"lin"	94
"2562"	"Lin"	31
"2563"	"lio"	11
"2564"	"Lio"	2
"2565"	"lip"	17
"2566"	"Lip"	10
"2567"	"liq"	37
"2568"	"lir"	4
"2569"	"lis"	28
"2570"	"Lis"	14
"2571"	"lit"	79
"2572"	"Lit"	9
"2573"	"liv"	38
"2574"	"Liv"	14
"2575"	"liz"	3
"2576"	"Liz"	8
"2577"	"Lju"	2
"2578"	"lla"	6
"2579"	"Lle"	2
"2580"	"Llo"	2
"2581"	"lo"	1
"2582"	"loa"	50
"2583"	"Loa"	3
"2584"	"lob"	23
"2585"	"Lob"	2
"2586"	"loc"	69
"2587"	"Loc"	10
"2588"	"lod"	20
"2589"	"Lod"	4
"2590"	"Loe"	6
"2591"	"lof"	11
"2592"	"log"	60
"2593"	"Log"	2
"2594"	"Loh"	2
"2595"	"loi"	13
"2596"	"Loi"	4
"2597"	"Lok"	2
"2598"	"lol"	17
"2599"	"Lol"	8
"2600"	"Lom"	8
"2601"	"lon"	43
"2602"	"Lon"	14
"2603"	"loo"	65
"2604"	"lop"	13
"2605"	"Lop"	2
"2606"	"loq"	3
"2607"	"lor"	20
"2608"	"Lor"	35
"2609"	"los"	10
"2610"	"Los"	1
"2611"	"lot"	15
"2612"	"Lot"	8
"2613"	"lou"	35
"2614"	"Lou"	26
"2615"	"lov"	26
"2616"	"Lov"	6
"2617"	"low"	28
"2618"	"Low"	8
"2619"	"lox"	3
"2620"	"loy"	12
"2621"	"Loy"	6
"2622"	"loz"	3
"2623"	"ls"	1
"2624"	"lua"	3
"2625"	"Lua"	4
"2626"	"lub"	20
"2627"	"Lub"	6
"2628"	"luc"	22
"2629"	"Luc"	34
"2630"	"lud"	4
"2631"	"Lud"	6
"2632"	"Lue"	2
"2633"	"Luf"	4
"2634"	"lug"	11
"2635"	"Lug"	4
"2636"	"Lui"	6
"2637"	"luk"	1
"2638"	"Luk"	2
"2639"	"lul"	8
"2640"	"Lul"	6
"2641"	"lum"	42
"2642"	"Lum"	2
"2643"	"lun"	33
"2644"	"Lun"	2
"2645"	"lup"	8
"2646"	"Lup"	6
"2647"	"lur"	18
"2648"	"Lur"	2
"2649"	"lus"	29
"2650"	"Lus"	4
"2651"	"lut"	3
"2652"	"Lut"	7
"2653"	"Luv"	2
"2654"	"lux"	15
"2655"	"Lux"	5
"2656"	"Luz"	4
"2657"	"Lvo"	2
"2658"	"lyc"	6
"2659"	"Lyc"	4
"2660"	"Lyd"	2
"2661"	"lye"	2
"2662"	"Lye"	2
"2663"	"lyi"	2
"2664"	"Lyl"	4
"2665"	"lym"	9
"2666"	"Lym"	4
"2667"	"lyn"	12
"2668"	"Lyn"	14
"2669"	"Lyo"	4
"2670"	"lyr"	11
"2671"	"Lyr"	2
"2672"	"Lys"	6
"2673"	"LyX"	2
"2674"	"m"	1
"2675"	"M"	1
"2676"	"M's"	1
"2677"	"ma"	1
"2678"	"ma'"	2
"2679"	"Maa"	2
"2680"	"Mab"	4
"2681"	"mac"	71
"2682"	"Mac"	51
"2683"	"mad"	51
"2684"	"Mad"	31
"2685"	"mae"	7
"2686"	"Mae"	4
"2687"	"Maf"	5
"2688"	"mag"	76
"2689"	"Mag"	28
"2690"	"mah"	23
"2691"	"Mah"	19
"2692"	"mai"	82
"2693"	"Mai"	20
"2694"	"maj"	17
"2695"	"Maj"	6
"2696"	"mak"	15
"2697"	"Mak"	2
"2698"	"mal"	105
"2699"	"Mal"	74
"2700"	"mam"	28
"2701"	"Mam"	10
"2702"	"man"	246
"2703"	"Man"	74
"2704"	"Mao"	11
"2705"	"map"	10
"2706"	"Map"	4
"2707"	"mar"	228
"2708"	"Mar"	233
"2709"	"mas"	132
"2710"	"Mas"	38
"2711"	"mat"	133
"2712"	"Mat"	28
"2713"	"mau"	16
"2714"	"Mau"	34
"2715"	"mav"	9
"2716"	"Mav"	2
"2717"	"maw"	5
"2718"	"max"	23
"2719"	"Max"	8
"2720"	"may"	29
"2721"	"May"	24
"2722"	"maz"	9
"2723"	"Maz"	12
"2724"	"Mba"	2
"2725"	"Mbi"	2
"2726"	"McA"	2
"2727"	"McB"	2
"2728"	"McC"	28
"2729"	"McD"	8
"2730"	"McE"	2
"2731"	"McF"	4
"2732"	"McG"	10
"2733"	"McI"	4
"2734"	"MCI"	2
"2735"	"McK"	12
"2736"	"McL"	8
"2737"	"McM"	4
"2738"	"McN"	6
"2739"	"McP"	2
"2740"	"McQ"	2
"2741"	"McV"	2
"2742"	"Md"	1
"2743"	"Md'"	1
"2744"	"me"	1
"2745"	"mea"	73
"2746"	"Mea"	10
"2747"	"mec"	19
"2748"	"Mec"	3
"2749"	"med"	77
"2750"	"Med"	23
"2751"	"mee"	15
"2752"	"meg"	36
"2753"	"Meg"	6
"2754"	"meh"	1
"2755"	"Mei"	8
"2756"	"Mej"	2
"2757"	"Mek"	2
"2758"	"mel"	55
"2759"	"Mel"	40
"2760"	"mêl"	3
"2761"	"mem"	47
"2762"	"Mem"	4
"2763"	"men"	78
"2764"	"Men"	49
"2765"	"meo"	5
"2766"	"Mep"	2
"2767"	"mer"	88
"2768"	"Mer"	47
"2769"	"mes"	50
"2770"	"Mes"	20
"2771"	"met"	120
"2772"	"Met"	14
"2773"	"mét"	3
"2774"	"Meu"	2
"2775"	"mew"	10
"2776"	"Mex"	7
"2777"	"Mey"	6
"2778"	"mez"	3
"2779"	"Mfu"	2
"2780"	"Mg"	1
"2781"	"Mg'"	1
"2782"	"MGM"	2
"2783"	"MHz"	1
"2784"	"mi"	1
"2785"	"mi'"	1
"2786"	"mia"	9
"2787"	"Mia"	7
"2788"	"mic"	70
"2789"	"Mic"	43
"2790"	"mid"	75
"2791"	"Mid"	12
"2792"	"mie"	3
"2793"	"mif"	4
"2794"	"mig"	22
"2795"	"Mig"	2
"2796"	"MiG"	2
"2797"	"mik"	5
"2798"	"Mik"	6
"2799"	"mil"	155
"2800"	"Mil"	48
"2801"	"mim"	22
"2802"	"Mim"	4
"2803"	"min"	188
"2804"	"Min"	44
"2805"	"Mio"	2
"2806"	"mir"	23
"2807"	"Mir"	18
"2808"	"mis"	395
"2809"	"Mis"	22
"2810"	"mit"	22
"2811"	"Mit"	20
"2812"	"MIT"	2
"2813"	"mix"	11
"2814"	"Mix"	2
"2815"	"miz"	6
"2816"	"Miz"	2
"2817"	"mka"	1
"2818"	"Mn"	1
"2819"	"Mn'"	1
"2820"	"mne"	3
"2821"	"Mne"	2
"2822"	"Mo"	1
"2823"	"Mo'"	1
"2824"	"moa"	8
"2825"	"mob"	20
"2826"	"Mob"	6
"2827"	"moc"	20
"2828"	"mod"	86
"2829"	"Mod"	4
"2830"	"Moe"	4
"2831"	"mog"	3
"2832"	"Mog"	2
"2833"	"moh"	2
"2834"	"Moh"	24
"2835"	"moi"	25
"2836"	"Moi"	6
"2837"	"Moj"	2
"2838"	"mol"	71
"2839"	"Mol"	24
"2840"	"mom"	19
"2841"	"Mom"	2
"2842"	"mon"	194
"2843"	"Mon"	88
"2844"	"moo"	67
"2845"	"Moo"	15
"2846"	"mop"	15
"2847"	"mor"	126
"2848"	"Mor"	59
"2849"	"mos"	23
"2850"	"Mos"	19
"2851"	"mot"	121
"2852"	"Mot"	8
"2853"	"mou"	85
"2854"	"Mou"	13
"2855"	"mov"	21
"2856"	"mow"	9
"2857"	"Mow"	2
"2858"	"moz"	2
"2859"	"Moz"	9
"2860"	"ms"	1
"2861"	"Ms"	1
"2862"	"mu"	1
"2863"	"Mua"	2
"2864"	"Mub"	2
"2865"	"muc"	22
"2866"	"mud"	26
"2867"	"mue"	4
"2868"	"Mue"	4
"2869"	"muf"	18
"2870"	"mug"	18
"2871"	"Mug"	2
"2872"	"Muh"	8
"2873"	"Mui"	2
"2874"	"Muj"	2
"2875"	"muk"	3
"2876"	"mul"	105
"2877"	"Mul"	16
"2878"	"mum"	25
"2879"	"Mum"	4
"2880"	"mun"	21
"2881"	"Mun"	8
"2882"	"Mün"	2
"2883"	"Mup"	2
"2884"	"mur"	33
"2885"	"Mur"	24
"2886"	"mus"	117
"2887"	"Mus"	21
"2888"	"mut"	54
"2889"	"Mut"	2
"2890"	"muu"	3
"2891"	"muz"	5
"2892"	"Muz"	2
"2893"	"my"	1
"2894"	"Mya"	2
"2895"	"Myc"	4
"2896"	"Mye"	2
"2897"	"Myl"	5
"2898"	"myn"	7
"2899"	"myo"	3
"2900"	"myr"	8
"2901"	"Myr"	10
"2902"	"mys"	23
"2903"	"Mys"	4
"2904"	"MyS"	2
"2905"	"myt"	12
"2906"	"n"	1
"2907"	"N"	1
"2908"	"N's"	1
"2909"	"Na"	1
"2910"	"Na'"	1
"2911"	"nab"	7
"2912"	"Nab"	4
"2913"	"nac"	5
"2914"	"nad"	3
"2915"	"Nad"	6
"2916"	"nag"	5
"2917"	"Nag"	8
"2918"	"Nah"	4
"2919"	"nai"	19
"2920"	"Nai"	8
"2921"	"nak"	4
"2922"	"nam"	10
"2923"	"Nam"	9
"2924"	"nan"	8
"2925"	"Nan"	25
"2926"	"Nao"	2
"2927"	"nap"	25
"2928"	"Nap"	12
"2929"	"nar"	50
"2930"	"Nar"	8
"2931"	"nas"	18
"2932"	"Nas"	10
"2933"	"NAS"	2
"2934"	"nat"	56
"2935"	"Nat"	22
"2936"	"nau"	23
"2937"	"Nau"	6
"2938"	"nav"	23
"2939"	"Nav"	14
"2940"	"nay"	6
"2941"	"Naz"	15
"2942"	"Nd"	1
"2943"	"Nd'"	1
"2944"	"Ndj"	2
"2945"	"Ne"	1
"2946"	"ne'"	1
"2947"	"Ne'"	1
"2948"	"nea"	20
"2949"	"Nea"	7
"2950"	"neb"	6
"2951"	"Neb"	7
"2952"	"nec"	42
"2953"	"Ned"	2
"2954"	"nee"	23
"2955"	"née"	1
"2956"	"nef"	4
"2957"	"Nef"	2
"2958"	"neg"	45
"2959"	"Neg"	10
"2960"	"Neh"	4
"2961"	"nei"	17
"2962"	"Nei"	2
"2963"	"Nel"	12
"2964"	"nem"	6
"2965"	"Nem"	4
"2966"	"neo"	28
"2967"	"Neo"	3
"2968"	"nep"	9
"2969"	"Nep"	8
"2970"	"ner"	20
"2971"	"Ner"	8
"2972"	"nes"	11
"2973"	"Nes"	10
"2974"	"net"	23
"2975"	"Net"	13
"2976"	"neu"	53
"2977"	"nev"	3
"2978"	"Nev"	11
"2979"	"new"	69
"2980"	"New"	17
"2981"	"nex"	5
"2982"	"Nex"	2
"2983"	"Nga"	2
"2984"	"Ngu"	2
"2985"	"Ni"	1
"2986"	"Ni'"	1
"2987"	"nia"	2
"2988"	"Nia"	4
"2989"	"nib"	11
"2990"	"Nib"	2
"2991"	"nic"	33
"2992"	"Nic"	43
"2993"	"nie"	3
"2994"	"Nie"	8
"2995"	"nif"	3
"2996"	"nig"	68
"2997"	"Nig"	11
"2998"	"nih"	6
"2999"	"Nij"	2
"3000"	"Nik"	14
"3001"	"nil"	2
"3002"	"Nil"	2
"3003"	"nim"	10
"3004"	"Nim"	4
"3005"	"nin"	31
"3006"	"Nin"	6
"3007"	"Nio"	2
"3008"	"nip"	14
"3009"	"Nip"	2
"3010"	"nir"	2
"3011"	"Nir"	4
"3012"	"Nis"	6
"3013"	"nit"	30
"3014"	"Nit"	2
"3015"	"Niv"	2
"3016"	"nix"	5
"3017"	"Nix"	2
"3018"	"Nkr"	2
"3019"	"no"	1
"3020"	"no'"	1
"3021"	"Noa"	2
"3022"	"nob"	19
"3023"	"Nob"	7
"3024"	"noc"	5
"3025"	"nod"	14
"3026"	"NoD"	2
"3027"	"noe"	4
"3028"	"Noe"	9
"3029"	"nog"	3
"3030"	"Noh"	2
"3031"	"noi"	19
"3032"	"Nok"	2
"3033"	"Nol"	4
"3034"	"nom"	22
"3035"	"Nom"	2
"3036"	"non"	171
"3037"	"Non"	2
"3038"	"noo"	17
"3039"	"Noo"	2
"3040"	"nop"	1
"3041"	"nor"	44
"3042"	"Nor"	60
"3043"	"NOR"	2
"3044"	"nos"	38
"3045"	"Nos"	4
"3046"	"not"	62
"3047"	"Not"	2
"3048"	"nou"	16
"3049"	"Nou"	4
"3050"	"nov"	26
"3051"	"Nov"	16
"3052"	"now"	8
"3053"	"nox"	1
"3054"	"Nox"	2
"3055"	"Noy"	4
"3056"	"noz"	3
"3057"	"Np"	1
"3058"	"Np'"	1
"3059"	"NSA"	2
"3060"	"nth"	1
"3061"	"nu"	1
"3062"	"nua"	4
"3063"	"nub"	4
"3064"	"Nub"	4
"3065"	"nuc"	6
"3066"	"nud"	17
"3067"	"nug"	3
"3068"	"nui"	3
"3069"	"nuk"	5
"3070"	"Nuk"	2
"3071"	"nul"	10
"3072"	"num"	46
"3073"	"Num"	2
"3074"	"nun"	9
"3075"	"Nun"	6
"3076"	"nup"	3
"3077"	"nur"	20
"3078"	"Nur"	4
"3079"	"nut"	43
"3080"	"Nut"	2
"3081"	"nuz"	5
"3082"	"Nya"	2
"3083"	"Nye"	2
"3084"	"nyl"	4
"3085"	"nym"	8
"3086"	"NyQ"	2
"3087"	"o"	1
"3088"	"O"	1
"3089"	"O'B"	2
"3090"	"o'c"	1
"3091"	"O'C"	6
"3092"	"O'D"	2
"3093"	"o'e"	1
"3094"	"O'H"	4
"3095"	"O'K"	2
"3096"	"O'N"	4
"3097"	"O'R"	2
"3098"	"O's"	1
"3099"	"O'T"	2
"3100"	"oaf"	4
"3101"	"Oah"	2
"3102"	"oak"	6
"3103"	"Oak"	4
"3104"	"oar"	11
"3105"	"oas"	3
"3106"	"oat"	10
"3107"	"Oat"	2
"3108"	"Oax"	2
"3109"	"Ob"	1
"3110"	"Ob'"	1
"3111"	"Oba"	5
"3112"	"obd"	4
"3113"	"obe"	18
"3114"	"Obe"	4
"3115"	"obf"	6
"3116"	"obi"	6
"3117"	"obj"	21
"3118"	"obl"	40
"3119"	"obn"	2
"3120"	"obo"	6
"3121"	"obs"	94
"3122"	"obt"	19
"3123"	"obv"	11
"3124"	"oca"	3
"3125"	"occ"	40
"3126"	"Occ"	6
"3127"	"oce"	15
"3128"	"Oce"	4
"3129"	"och"	4
"3130"	"Och"	2
"3131"	"oct"	23
"3132"	"Oct"	9
"3133"	"ocu"	6
"3134"	"odd"	14
"3135"	"ode"	3
"3136"	"Ode"	8
"3137"	"odi"	4
"3138"	"Odi"	4
"3139"	"odo"	9
"3140"	"Odo"	2
"3141"	"ody"	3
"3142"	"Ody"	4
"3143"	"Oed"	4
"3144"	"Oer"	2
"3145"	"of"	1
"3146"	"Ofe"	2
"3147"	"off"	81
"3148"	"Off"	4
"3149"	"oft"	5
"3150"	"Ogb"	2
"3151"	"Ogd"	2
"3152"	"Ogi"	2
"3153"	"ogl"	5
"3154"	"Ogl"	2
"3155"	"ogr"	3
"3156"	"oh"	1
"3157"	"oh'"	1
"3158"	"Ohi"	5
"3159"	"ohm"	3
"3160"	"oho"	1
"3161"	"ohs"	1
"3162"	"OHS"	2
"3163"	"oil"	17
"3164"	"oin"	8
"3165"	"Ois"	2
"3166"	"Oji"	3
"3167"	"OK"	1
"3168"	"OK'"	1
"3169"	"oka"	5
"3170"	"Oke"	4
"3171"	"OKe"	1
"3172"	"Okh"	2
"3173"	"Oki"	2
"3174"	"OKi"	1
"3175"	"Okl"	4
"3176"	"okr"	3
"3177"	"OKs"	1
"3178"	"Okt"	2
"3179"	"Ola"	8
"3180"	"old"	8
"3181"	"Old"	8
"3182"	"ole"	8
"3183"	"Ole"	4
"3184"	"olf"	3
"3185"	"Olg"	2
"3186"	"oli"	10
"3187"	"Oli"	14
"3188"	"Oll"	2
"3189"	"Olm"	4
"3190"	"Ols"	4
"3191"	"Oly"	15
"3192"	"Oma"	9
"3193"	"omb"	3
"3194"	"Omd"	2
"3195"	"ome"	12
"3196"	"omi"	9
"3197"	"omn"	17
"3198"	"Oms"	2
"3199"	"on"	1
"3200"	"Ona"	2
"3201"	"onc"	5
"3202"	"one"	8
"3203"	"One"	8
"3204"	"ong"	1
"3205"	"oni"	5
"3206"	"Oni"	2
"3207"	"onl"	5
"3208"	"ono"	3
"3209"	"Ono"	4
"3210"	"onr"	4
"3211"	"ons"	7
"3212"	"Ons"	2
"3213"	"ont"	1
"3214"	"Ont"	2
"3215"	"onu"	3
"3216"	"onw"	2
"3217"	"ony"	3
"3218"	"ood"	2
"3219"	"oop"	1
"3220"	"Oor"	2
"3221"	"ooz"	5
"3222"	"opa"	17
"3223"	"Opa"	2
"3224"	"ope"	42
"3225"	"Ope"	4
"3226"	"oph"	6
"3227"	"Oph"	4
"3228"	"opi"	13
"3229"	"opo"	3
"3230"	"opp"	36
"3231"	"Opp"	2
"3232"	"Opr"	2
"3233"	"opt"	44
"3234"	"opu"	6
"3235"	"or"	1
"3236"	"ora"	37
"3237"	"Ora"	10
"3238"	"orb"	11
"3239"	"Orb"	2
"3240"	"orc"	20
"3241"	"ord"	37
"3242"	"Ord"	2
"3243"	"ore"	5
"3244"	"Ore"	9
"3245"	"org"	39
"3246"	"ori"	41
"3247"	"Ori"	15
"3248"	"Ork"	2
"3249"	"Orl"	9
"3250"	"orm"	2
"3251"	"orn"	20
"3252"	"oro"	1
"3253"	"orp"	8
"3254"	"Orp"	4
"3255"	"Orr"	2
"3256"	"ort"	30
"3257"	"Ort"	4
"3258"	"Orv"	4
"3259"	"Orw"	4
"3260"	"Os"	1
"3261"	"Os'"	1
"3262"	"Osa"	4
"3263"	"Osb"	6
"3264"	"osc"	13
"3265"	"Osc"	5
"3266"	"Osg"	2
"3267"	"Osh"	4
"3268"	"osi"	3
"3269"	"Osi"	2
"3270"	"Osl"	2
"3271"	"osm"	3
"3272"	"Osm"	2
"3273"	"osp"	3
"3274"	"oss"	6
"3275"	"ost"	22
"3276"	"Ost"	4
"3277"	"Osv"	2
"3278"	"Osw"	2
"3279"	"oth"	5
"3280"	"Oth"	2
"3281"	"oti"	1
"3282"	"Oti"	2
"3283"	"ott"	6
"3284"	"Ott"	7
"3285"	"Oua"	2
"3286"	"ouc"	1
"3287"	"oug"	1
"3288"	"Oui"	2
"3289"	"oun"	3
"3290"	"our"	3
"3291"	"ous"	7
"3292"	"out"	281
"3293"	"ova"	11
"3294"	"ove"	439
"3295"	"ovi"	4
"3296"	"Ovi"	2
"3297"	"ovo"	3
"3298"	"ovu"	11
"3299"	"ow"	1
"3300"	"owe"	3
"3301"	"Owe"	4
"3302"	"owi"	1
"3303"	"owl"	7
"3304"	"own"	9
"3305"	"ox"	1
"3306"	"ox'"	1
"3307"	"oxb"	3
"3308"	"oxe"	1
"3309"	"oxf"	3
"3310"	"Oxf"	3
"3311"	"oxi"	12
"3312"	"Oxn"	2
"3313"	"Oxo"	2
"3314"	"Oxu"	2
"3315"	"oxy"	14
"3316"	"Oxy"	2
"3317"	"oys"	3
"3318"	"Oz"	1
"3319"	"Oz'"	1
"3320"	"Oza"	4
"3321"	"ozo"	2
"3322"	"Ozy"	2
"3323"	"Ozz"	2
"3324"	"p"	1
"3325"	"P"	1
"3326"	"P's"	1
"3327"	"pa"	1
"3328"	"Pa"	1
"3329"	"pa'"	1
"3330"	"Pa'"	1
"3331"	"Paa"	2
"3332"	"Pab"	6
"3333"	"pac"	51
"3334"	"Pac"	10
"3335"	"pad"	27
"3336"	"Pad"	4
"3337"	"pae"	3
"3338"	"pag"	27
"3339"	"Pag"	6
"3340"	"Pah"	2
"3341"	"pai"	48
"3342"	"Pai"	4
"3343"	"paj"	2
"3344"	"Pak"	5
"3345"	"pal"	125
"3346"	"Pal"	39
"3347"	"pam"	12
"3348"	"Pam"	8
"3349"	"pan"	126
"3350"	"Pan"	28
"3351"	"pap"	51
"3352"	"par"	402
"3353"	"Par"	58
"3354"	"pas"	111
"3355"	"Pas"	16
"3356"	"pat"	142
"3357"	"Pat"	32
"3358"	"pau"	22
"3359"	"Pau"	12
"3360"	"pav"	12
"3361"	"Pav"	8
"3362"	"paw"	22
"3363"	"Paw"	2
"3364"	"pay"	36
"3365"	"Pay"	4
"3366"	"Pb"	1
"3367"	"Pb'"	1
"3368"	"Pd"	1
"3369"	"Pd'"	1
"3370"	"pea"	63
"3371"	"Pea"	14
"3372"	"peb"	6
"3373"	"pec"	27
"3374"	"Pec"	8
"3375"	"ped"	73
"3376"	"Ped"	2
"3377"	"pee"	51
"3378"	"Pee"	2
"3379"	"peg"	5
"3380"	"Peg"	7
"3381"	"Pei"	4
"3382"	"pej"	3
"3383"	"pek"	2
"3384"	"Pek"	9
"3385"	"pel"	22
"3386"	"Pel"	6
"3387"	"Pem"	2
"3388"	"pen"	134
"3389"	"Pen"	37
"3390"	"peo"	13
"3391"	"Peo"	2
"3392"	"pep"	28
"3393"	"Pep"	6
"3394"	"Peq"	2
"3395"	"per"	423
"3396"	"Per"	56
"3397"	"pes"	35
"3398"	"Pes"	2
"3399"	"pet"	71
"3400"	"Pet"	16
"3401"	"Pét"	2
"3402"	"Peu"	2
"3403"	"pew"	9
"3404"	"pey"	2
"3405"	"Pfi"	2
"3406"	"pH"	1
"3407"	"pha"	56
"3408"	"Pha"	12
"3409"	"phe"	15
"3410"	"Phe"	4
"3411"	"phi"	65
"3412"	"Phi"	30
"3413"	"phl"	11
"3414"	"pho"	108
"3415"	"Pho"	13
"3416"	"phr"	12
"3417"	"Phr"	2
"3418"	"phy"	36
"3419"	"Phy"	2
"3420"	"pi"	1
"3421"	"pi'"	1
"3422"	"pia"	17
"3423"	"Pia"	6
"3424"	"pic"	75
"3425"	"Pic"	14
"3426"	"pid"	8
"3427"	"pie"	28
"3428"	"Pie"	8
"3429"	"pif"	2
"3430"	"pig"	50
"3431"	"Pig"	3
"3432"	"pii"	1
"3433"	"pik"	8
"3434"	"Pik"	2
"3435"	"pil"	81
"3436"	"Pil"	10
"3437"	"pim"	20
"3438"	"pin"	96
"3439"	"Pin"	14
"3440"	"pio"	7
"3441"	"pip"	26
"3442"	"Pip"	2
"3443"	"piq"	8
"3444"	"pir"	16
"3445"	"Pir"	4
"3446"	"pis"	20
"3447"	"Pis"	8
"3448"	"pit"	56
"3449"	"Pit"	10
"3450"	"Piu"	2
"3451"	"piv"	6
"3452"	"pix"	8
"3453"	"piz"	14
"3454"	"Piz"	2
"3455"	"pj'"	1
"3456"	"pla"	264
"3457"	"Pla"	27
"3458"	"ple"	74
"3459"	"Ple"	7
"3460"	"pli"	18
"3461"	"Pli"	4
"3462"	"plo"	46
"3463"	"plu"	108
"3464"	"Plu"	4
"3465"	"ply"	5
"3466"	"Ply"	2
"3467"	"pne"	4
"3468"	"Po"	1
"3469"	"Po'"	1
"3470"	"poa"	7
"3471"	"poc"	24
"3472"	"Poc"	6
"3473"	"pod"	18
"3474"	"Pod"	6
"3475"	"poe"	16
"3476"	"Poe"	2
"3477"	"pog"	3
"3478"	"Pog"	2
"3479"	"poi"	47
"3480"	"Poi"	10
"3481"	"pok"	14
"3482"	"Pok"	2
"3483"	"pol"	202
"3484"	"Pol"	41
"3485"	"pom"	33
"3486"	"Pom"	12
"3487"	"pon"	36
"3488"	"Pon"	8
"3489"	"poo"	30
"3490"	"Poo"	6
"3491"	"pop"	58
"3492"	"Pop"	12
"3493"	"por"	116
"3494"	"Por"	18
"3495"	"Pôr"	2
"3496"	"pos"	144
"3497"	"Pos"	4
"3498"	"pot"	80
"3499"	"Pot"	12
"3500"	"pou"	31
"3501"	"Pou"	4
"3502"	"pov"	2
"3503"	"pow"	28
"3504"	"Pow"	10
"3505"	"pox"	3
"3506"	"Poz"	2
"3507"	"pra"	87
"3508"	"Pra"	20
"3509"	"pre"	610
"3510"	"Pre"	28
"3511"	"pré"	4
"3512"	"pri"	199
"3513"	"Pri"	18
"3514"	"pro"	811
"3515"	"Pro"	46
"3516"	"pru"	20
"3517"	"Pru"	12
"3518"	"pry"	3
"3519"	"Pry"	2
"3520"	"psa"	6
"3521"	"Psa"	5
"3522"	"pse"	4
"3523"	"psh"	3
"3524"	"pso"	2
"3525"	"pss"	1
"3526"	"psy"	63
"3527"	"Psy"	2
"3528"	"Pt"	1
"3529"	"Pt'"	1
"3530"	"pta"	3
"3531"	"Pta"	2
"3532"	"pte"	3
"3533"	"pto"	3
"3534"	"Pto"	5
"3535"	"Pu"	1
"3536"	"Pu'"	1
"3537"	"pub"	36
"3538"	"puc"	9
"3539"	"Puc"	6
"3540"	"pud"	11
"3541"	"pue"	6
"3542"	"Pue"	5
"3543"	"puf"	17
"3544"	"pug"	13
"3545"	"Pug"	4
"3546"	"puk"	5
"3547"	"pul"	58
"3548"	"Pul"	7
"3549"	"pum"	25
"3550"	"pun"	66
"3551"	"Pun"	8
"3552"	"pup"	24
"3553"	"pur"	127
"3554"	"Pur"	18
"3555"	"pus"	45
"3556"	"Pus"	8
"3557"	"put"	32
"3558"	"Put"	4
"3559"	"puz"	10
"3560"	"Puz"	2
"3561"	"pwn"	4
"3562"	"pyg"	3
"3563"	"Pyg"	5
"3564"	"pyl"	3
"3565"	"Pyl"	2
"3566"	"Pym"	2
"3567"	"Pyn"	2
"3568"	"pyo"	2
"3569"	"Pyo"	4
"3570"	"pyr"	19
"3571"	"Pyr"	7
"3572"	"pyt"	3
"3573"	"Pyt"	8
"3574"	"pyx"	3
"3575"	"q"	1
"3576"	"Q"	1
"3577"	"Qad"	2
"3578"	"Qan"	2
"3579"	"Qat"	2
"3580"	"Qin"	2
"3581"	"Qiq"	2
"3582"	"Qom"	2
"3583"	"qua"	195
"3584"	"Qua"	13
"3585"	"que"	66
"3586"	"Que"	16
"3587"	"Qué"	2
"3588"	"qui"	125
"3589"	"Qui"	18
"3590"	"Qum"	2
"3591"	"quo"	26
"3592"	"Quo"	2
"3593"	"Qur"	2
"3594"	"r"	1
"3595"	"R"	1
"3596"	"R's"	1
"3597"	"Ra"	1
"3598"	"Ra'"	1
"3599"	"rab"	17
"3600"	"Rab"	8
"3601"	"rac"	68
"3602"	"Rac"	10
"3603"	"rad"	65
"3604"	"Rad"	2
"3605"	"Rae"	2
"3606"	"raf"	16
"3607"	"Raf"	4
"3608"	"rag"	36
"3609"	"Rag"	2
"3610"	"rai"	65
"3611"	"Rai"	2
"3612"	"raj"	6
"3613"	"rak"	9
"3614"	"ral"	5
"3615"	"Ral"	4
"3616"	"ram"	42
"3617"	"Ram"	31
"3618"	"ran"	72
"3619"	"Ran"	20
"3620"	"Rao"	2
"3621"	"rap"	49
"3622"	"Rap"	4
"3623"	"Raq"	2
"3624"	"rar"	16
"3625"	"ras"	26
"3626"	"Ras"	14
"3627"	"rat"	81
"3628"	"Rat"	4
"3629"	"rau"	9
"3630"	"Rau"	2
"3631"	"rav"	39
"3632"	"Rav"	2
"3633"	"raw"	9
"3634"	"Raw"	2
"3635"	"ray"	5
"3636"	"Ray"	12
"3637"	"raz"	12
"3638"	"RCA"	2
"3639"	"re"	1
"3640"	"re'"	1
"3641"	"rea"	221
"3642"	"Rea"	8
"3643"	"reb"	58
"3644"	"Reb"	6
"3645"	"rec"	390
"3646"	"Rec"	2
"3647"	"red"	143
"3648"	"Red"	8
"3649"	"ree"	83
"3650"	"Ree"	8
"3651"	"ref"	208
"3652"	"Ref"	2
"3653"	"reg"	128
"3654"	"Reg"	12
"3655"	"reh"	31
"3656"	"Reh"	2
"3657"	"rei"	81
"3658"	"Rei"	14
"3659"	"rej"	27
"3660"	"rek"	4
"3661"	"rel"	132
"3662"	"rem"	135
"3663"	"Rem"	8
"3664"	"ren"	88
"3665"	"Ren"	15
"3666"	"reo"	29
"3667"	"rep"	298
"3668"	"Rep"	4
"3669"	"req"	30
"3670"	"rer"	12
"3671"	"res"	362
"3672"	"Res"	1
"3673"	"ret"	201
"3674"	"reu"	23
"3675"	"Reu"	8
"3676"	"rev"	185
"3677"	"Rev"	10
"3678"	"rew"	29
"3679"	"Rex"	2
"3680"	"Rey"	10
"3681"	"rha"	8
"3682"	"rhe"	21
"3683"	"Rhe"	8
"3684"	"rhi"	13
"3685"	"Rhi"	6
"3686"	"rho"	13
"3687"	"Rho"	11
"3688"	"rhu"	3
"3689"	"rhy"	11
"3690"	"rib"	13
"3691"	"Rib"	2
"3692"	"ric"	38
"3693"	"Ric"	36
"3694"	"rid"	37
"3695"	"Rid"	4
"3696"	"Rie"	8
"3697"	"rif"	28
"3698"	"rig"	45
"3699"	"Rig"	10
"3700"	"ril"	7
"3701"	"Ril"	4
"3702"	"rim"	10
"3703"	"Rim"	2
"3704"	"rin"	35
"3705"	"Rin"	4
"3706"	"rio"	10
"3707"	"Rio"	4
"3708"	"rip"	31
"3709"	"Rip"	2
"3710"	"ris"	20
"3711"	"Ris"	2
"3712"	"rit"	13
"3713"	"Rit"	6
"3714"	"riv"	34
"3715"	"Riv"	10
"3716"	"Riy"	2
"3717"	"Riz"	2
"3718"	"Rn"	1
"3719"	"Rn'"	1
"3720"	"roa"	59
"3721"	"Roa"	2
"3722"	"rob"	35
"3723"	"Rob"	40
"3724"	"roc"	22
"3725"	"Roc"	26
"3726"	"rod"	10
"3727"	"Rod"	24
"3728"	"roe"	9
"3729"	"Roe"	4
"3730"	"rog"	11
"3731"	"Rog"	8
"3732"	"roi"	11
"3733"	"Roj"	2
"3734"	"Rok"	2
"3735"	"rol"	21
"3736"	"Rol"	18
"3737"	"rom"	29
"3738"	"Rom"	34
"3739"	"Ron"	12
"3740"	"roo"	60
"3741"	"Roo"	6
"3742"	"rop"	5
"3743"	"Roq"	3
"3744"	"Ror"	4
"3745"	"ros"	39
"3746"	"Ros"	62
"3747"	"rot"	40
"3748"	"Rot"	12
"3749"	"rou"	88
"3750"	"Rou"	8
"3751"	"rov"	7
"3752"	"Rov"	4
"3753"	"row"	28
"3754"	"Row"	8
"3755"	"Rox"	6
"3756"	"roy"	11
"3757"	"Roy"	6
"3758"	"Roz"	2
"3759"	"rs"	1
"3760"	"rub"	46
"3761"	"Rub"	18
"3762"	"ruc"	6
"3763"	"Ruc"	2
"3764"	"rud"	18
"3765"	"Rud"	8
"3766"	"rue"	6
"3767"	"ruf"	13
"3768"	"Ruf"	2
"3769"	"rug"	14
"3770"	"Ruh"	2
"3771"	"rui"	10
"3772"	"Rui"	2
"3773"	"Ruk"	2
"3774"	"rul"	10
"3775"	"rum"	50
"3776"	"Rum"	6
"3777"	"run"	41
"3778"	"Run"	4
"3779"	"rup"	8
"3780"	"Rup"	2
"3781"	"rur"	1
"3782"	"rus"	42
"3783"	"Rus"	23
"3784"	"rut"	12
"3785"	"Rut"	12
"3786"	"Rwa"	6
"3787"	"Rya"	2
"3788"	"Ryd"	4
"3789"	"rye"	2
"3790"	"Ryu"	2
"3791"	"s"	1
"3792"	"S"	1
"3793"	"S's"	1
"3794"	"Saa"	8
"3795"	"sab"	20
"3796"	"Sab"	15
"3797"	"sac"	49
"3798"	"Sac"	8
"3799"	"sad"	26
"3800"	"Sad"	12
"3801"	"saf"	29
"3802"	"Saf"	4
"3803"	"sag"	23
"3804"	"Sag"	7
"3805"	"sah"	3
"3806"	"Sah"	4
"3807"	"sai"	33
"3808"	"Sai"	4
"3809"	"sak"	4
"3810"	"Sak"	12
"3811"	"sal"	146
"3812"	"Sal"	50
"3813"	"sam"	27
"3814"	"Sam"	35
"3815"	"san"	121
"3816"	"San"	50
"3817"	"sap"	23
"3818"	"Sap"	4
"3819"	"SAP"	2
"3820"	"sar"	35
"3821"	"Sar"	35
"3822"	"SAR"	2
"3823"	"sas"	19
"3824"	"Sas"	12
"3825"	"sat"	66
"3826"	"Sat"	13
"3827"	"sau"	38
"3828"	"Sau"	13
"3829"	"sav"	57
"3830"	"Sav"	12
"3831"	"saw"	17
"3832"	"Saw"	2
"3833"	"sax"	9
"3834"	"Sax"	5
"3835"	"say"	6
"3836"	"Say"	2
"3837"	"Sb"	1
"3838"	"Sb'"	1
"3839"	"sca"	188
"3840"	"Sca"	13
"3841"	"sce"	18
"3842"	"sch"	146
"3843"	"Sch"	70
"3844"	"sci"	28
"3845"	"Sci"	4
"3846"	"scl"	3
"3847"	"sco"	113
"3848"	"Sco"	42
"3849"	"scr"	204
"3850"	"Scr"	15
"3851"	"scu"	84
"3852"	"Scu"	4
"3853"	"scy"	5
"3854"	"Scy"	6
"3855"	"Se"	1
"3856"	"Se'"	1
"3857"	"sea"	116
"3858"	"Sea"	10
"3859"	"séa"	3
"3860"	"seb"	1
"3861"	"Seb"	2
"3862"	"sec"	92
"3863"	"Sec"	5
"3864"	"sed"	40
"3865"	"Sed"	5
"3866"	"see"	56
"3867"	"See"	4
"3868"	"seg"	21
"3869"	"Seg"	8
"3870"	"sei"	18
"3871"	"Sei"	6
"3872"	"Sej"	2
"3873"	"sel"	56
"3874"	"Sel"	22
"3875"	"sem"	73
"3876"	"Sem"	15
"3877"	"sen"	105
"3878"	"Sen"	23
"3879"	"Seo"	2
"3880"	"sep"	47
"3881"	"Sep"	10
"3882"	"seq"	27
"3883"	"Seq"	2
"3884"	"ser"	114
"3885"	"Ser"	22
"3886"	"ses"	6
"3887"	"set"	30
"3888"	"Set"	6
"3889"	"Seu"	4
"3890"	"sev"	34
"3891"	"Sev"	8
"3892"	"Sèv"	2
"3893"	"sew"	13
"3894"	"Sew"	2
"3895"	"sex"	40
"3896"	"Sex"	4
"3897"	"Sey"	6
"3898"	"sh"	1
"3899"	"sha"	235
"3900"	"Sha"	62
"3901"	"Shc"	2
"3902"	"she"	130
"3903"	"She"	74
"3904"	"shi"	171
"3905"	"Shi"	24
"3906"	"shl"	13
"3907"	"sho"	248
"3908"	"Sho"	10
"3909"	"shr"	88
"3910"	"Shr"	8
"3911"	"sht"	6
"3912"	"shu"	64
"3913"	"Shu"	2
"3914"	"shy"	11
"3915"	"Shy"	4
"3916"	"Si"	1
"3917"	"Si'"	1
"3918"	"Sia"	6
"3919"	"sib"	9
"3920"	"Sib"	8
"3921"	"sic"	25
"3922"	"Sic"	5
"3923"	"sid"	74
"3924"	"Sid"	6
"3925"	"sie"	14
"3926"	"Sie"	6
"3927"	"sif"	7
"3928"	"sig"	70
"3929"	"Sig"	6
"3930"	"Sih"	2
"3931"	"Sik"	10
"3932"	"sil"	77
"3933"	"Sil"	8
"3934"	"sim"	62
"3935"	"Sim"	16
"3936"	"sin"	81
"3937"	"Sin"	22
"3938"	"Sio"	2
"3939"	"sip"	10
"3940"	"sir"	20
"3941"	"Sir"	2
"3942"	"sis"	17
"3943"	"Sis"	9
"3944"	"sit"	26
"3945"	"Siv"	4
"3946"	"six"	21
"3947"	"siz"	14
"3948"	"Sja"	2
"3949"	"ska"	17
"3950"	"ske"	39
"3951"	"ski"	94
"3952"	"Ski"	4
"3953"	"Sko"	2
"3954"	"sku"	19
"3955"	"sky"	49
"3956"	"Sky"	6
"3957"	"sla"	128
"3958"	"Sla"	13
"3959"	"sle"	95
"3960"	"sli"	110
"3961"	"Sli"	2
"3962"	"slo"	89
"3963"	"Slo"	17
"3964"	"slu"	72
"3965"	"Slu"	2
"3966"	"sly"	6
"3967"	"sma"	50
"3968"	"Sma"	2
"3969"	"sme"	21
"3970"	"Sme"	2
"3971"	"smi"	41
"3972"	"Smi"	8
"3973"	"smo"	68
"3974"	"Smo"	6
"3975"	"smö"	3
"3976"	"smu"	28
"3977"	"Smu"	2
"3978"	"Sn"	1
"3979"	"Sn'"	1
"3980"	"sna"	73
"3981"	"Sna"	4
"3982"	"sne"	22
"3983"	"Sne"	4
"3984"	"sni"	60
"3985"	"Sni"	4
"3986"	"sno"	128
"3987"	"Sno"	6
"3988"	"snu"	35
"3989"	"Sny"	2
"3990"	"so"	1
"3991"	"so'"	1
"3992"	"soa"	29
"3993"	"Soa"	2
"3994"	"sob"	19
"3995"	"soc"	49
"3996"	"Soc"	6
"3997"	"sod"	16
"3998"	"Sod"	4
"3999"	"sof"	30
"4000"	"Sof"	2
"4001"	"sog"	6
"4002"	"Soh"	2
"4003"	"soi"	8
"4004"	"soj"	5
"4005"	"sol"	127
"4006"	"Sol"	8
"4007"	"som"	39
"4008"	"Som"	12
"4009"	"son"	31
"4010"	"Son"	22
"4011"	"soo"	18
"4012"	"sop"	33
"4013"	"Sop"	10
"4014"	"sor"	58
"4015"	"Sor"	2
"4016"	"sos"	1
"4017"	"Sos"	2
"4018"	"sot"	4
"4019"	"Sot"	2
"4020"	"sou"	117
"4021"	"Sou"	22
"4022"	"sov"	8
"4023"	"Sov"	2
"4024"	"sow"	9
"4025"	"Sow"	2
"4026"	"sox"	1
"4027"	"soy"	7
"4028"	"Soy"	4
"4029"	"spa"	162
"4030"	"Spa"	24
"4031"	"spe"	200
"4032"	"Spe"	20
"4033"	"sph"	15
"4034"	"Sph"	2
"4035"	"spi"	151
"4036"	"Spi"	18
"4037"	"spl"	81
"4038"	"spo"	155
"4039"	"Spo"	4
"4040"	"spr"	109
"4041"	"Spr"	8
"4042"	"spu"	43
"4043"	"Spu"	2
"4044"	"spy"	8
"4045"	"squ"	150
"4046"	"Squ"	4
"4047"	"sri"	1
"4048"	"Sri"	4
"4049"	"sta"	397
"4050"	"Sta"	50
"4051"	"ste"	234
"4052"	"Ste"	60
"4053"	"sti"	154
"4054"	"Sti"	10
"4055"	"sto"	208
"4056"	"Sto"	26
"4057"	"str"	358
"4058"	"Str"	20
"4059"	"stu"	128
"4060"	"Stu"	11
"4061"	"sty"	36
"4062"	"Sty"	9
"4063"	"sua"	6
"4064"	"Sua"	2
"4065"	"sub"	317
"4066"	"Sub"	2
"4067"	"suc"	64
"4068"	"Suc"	4
"4069"	"sud"	9
"4070"	"Sud"	10
"4071"	"sue"	7
"4072"	"Sue"	6
"4073"	"suf"	47
"4074"	"Suf"	6
"4075"	"sug"	26
"4076"	"Suh"	2
"4077"	"sui"	24
"4078"	"Sui"	2
"4079"	"suk"	2
"4080"	"Suk"	6
"4081"	"sul"	54
"4082"	"Sul"	8
"4083"	"sum"	53
"4084"	"Sum"	14
"4085"	"sun"	91
"4086"	"Sun"	19
"4087"	"sup"	218
"4088"	"Sup"	10
"4089"	"sur"	149
"4090"	"Sur"	10
"4091"	"sus"	35
"4092"	"Sus"	14
"4093"	"SUS"	2
"4094"	"sut"	5
"4095"	"Sut"	4
"4096"	"Suv"	2
"4097"	"Suw"	2
"4098"	"Suz"	10
"4099"	"Sva"	2
"4100"	"sve"	3
"4101"	"Sve"	4
"4102"	"SVN"	2
"4103"	"swa"	112
"4104"	"Swa"	15
"4105"	"swe"	101
"4106"	"Swe"	13
"4107"	"swi"	89
"4108"	"Swi"	11
"4109"	"swo"	29
"4110"	"swu"	2
"4111"	"syb"	4
"4112"	"Syb"	2
"4113"	"syc"	7
"4114"	"Syd"	2
"4115"	"Syk"	2
"4116"	"syl"	24
"4117"	"Syl"	6
"4118"	"sym"	49
"4119"	"syn"	79
"4120"	"Syn"	2
"4121"	"syp"	10
"4122"	"syr"	9
"4123"	"Syr"	9
"4124"	"sys"	13
"4125"	"Sze"	2
"4126"	"Szi"	2
"4127"	"Szy"	2
"4128"	"t"	1
"4129"	"T"	1
"4130"	"T'a"	2
"4131"	"T's"	1
"4132"	"tab"	61
"4133"	"Tab"	8
"4134"	"tac"	48
"4135"	"Tac"	4
"4136"	"tad"	6
"4137"	"Tad"	6
"4138"	"Tae"	4
"4139"	"taf"	5
"4140"	"Taf"	2
"4141"	"tag"	5
"4142"	"Tag"	6
"4143"	"Tah"	7
"4144"	"tai"	37
"4145"	"Tai"	14
"4146"	"Taj"	2
"4147"	"tak"	21
"4148"	"Tak"	2
"4149"	"tal"	43
"4150"	"Tal"	20
"4151"	"tam"	36
"4152"	"Tam"	32
"4153"	"tan"	77
"4154"	"Tan"	27
"4155"	"Tao"	8
"4156"	"tap"	32
"4157"	"tar"	76
"4158"	"Tar"	27
"4159"	"tas"	39
"4160"	"Tas"	12
"4161"	"tat"	30
"4162"	"Tat"	7
"4163"	"tau"	18
"4164"	"Tau"	3
"4165"	"tav"	3
"4166"	"taw"	9
"4167"	"Taw"	2
"4168"	"tax"	30
"4169"	"Tay"	2
"4170"	"Tb"	1
"4171"	"Tb'"	1
"4172"	"Tbi"	2
"4173"	"Tch"	2
"4174"	"tea"	97
"4175"	"Tea"	2
"4176"	"tec"	28
"4177"	"Tec"	4
"4178"	"ted"	6
"4179"	"Ted"	4
"4180"	"tee"	43
"4181"	"Tef"	3
"4182"	"Teg"	2
"4183"	"Teh"	3
"4184"	"tel"	103
"4185"	"Tel"	13
"4186"	"tem"	72
"4187"	"Tem"	3
"4188"	"ten"	123
"4189"	"Ten"	6
"4190"	"Teo"	2
"4191"	"tep"	4
"4192"	"teq"	3
"4193"	"ter"	103
"4194"	"Ter"	32
"4195"	"tes"	39
"4196"	"Tes"	8
"4197"	"tet"	11
"4198"	"Tet"	6
"4199"	"Teu"	2
"4200"	"Tev"	2
"4201"	"tex"	19
"4202"	"Tex"	7
"4203"	"Th"	1
"4204"	"Th'"	1
"4205"	"tha"	33
"4206"	"Tha"	30
"4207"	"the"	129
"4208"	"The"	45
"4209"	"thi"	103
"4210"	"Thi"	4
"4211"	"tho"	52
"4212"	"Tho"	24
"4213"	"thr"	151
"4214"	"Thr"	4
"4215"	"thu"	54
"4216"	"Thu"	17
"4217"	"thw"	10
"4218"	"thy"	11
"4219"	"ti"	1
"4220"	"Ti"	1
"4221"	"ti'"	1
"4222"	"Ti'"	1
"4223"	"tia"	3
"4224"	"Tia"	4
"4225"	"tib"	4
"4226"	"Tib"	9
"4227"	"tic"	23
"4228"	"Tic"	4
"4229"	"tid"	26
"4230"	"Tid"	2
"4231"	"tie"	11
"4232"	"Tie"	4
"4233"	"tif"	5
"4234"	"Tif"	2
"4235"	"tig"	25
"4236"	"Tig"	2
"4237"	"Tij"	2
"4238"	"tik"	3
"4239"	"til"	25
"4240"	"Til"	6
"4241"	"tim"	65
"4242"	"Tim"	18
"4243"	"tin"	70
"4244"	"Tin"	12
"4245"	"tip"	34
"4246"	"Tip"	4
"4247"	"tir"	23
"4248"	"Tir"	4
"4249"	"tis"	3
"4250"	"Tis"	4
"4251"	"tit"	40
"4252"	"Tit"	14
"4253"	"tiz"	3
"4254"	"Tla"	2
"4255"	"Tli"	2
"4256"	"to"	1
"4257"	"toa"	25
"4258"	"tob"	12
"4259"	"Tob"	4
"4260"	"toc"	3
"4261"	"Toc"	4
"4262"	"tod"	13
"4263"	"Tod"	4
"4264"	"toe"	11
"4265"	"tof"	8
"4266"	"tog"	16
"4267"	"Tog"	2
"4268"	"toi"	19
"4269"	"Toj"	2
"4270"	"tok"	10
"4271"	"Tok"	6
"4272"	"tol"	25
"4273"	"Tol"	11
"4274"	"tom"	34
"4275"	"Tom"	16
"4276"	"ton"	50
"4277"	"Ton"	15
"4278"	"too"	39
"4279"	"top"	49
"4280"	"Top"	4
"4281"	"toq"	3
"4282"	"tor"	83
"4283"	"Tor"	24
"4284"	"tos"	9
"4285"	"Tos"	6
"4286"	"tot"	35
"4287"	"Tot"	2
"4288"	"tou"	65
"4289"	"Tou"	2
"4290"	"tow"	46
"4291"	"Tow"	4
"4292"	"tox"	13
"4293"	"toy"	5
"4294"	"Toy"	6
"4295"	"tra"	498
"4296"	"Tra"	28
"4297"	"tre"	124
"4298"	"Tre"	19
"4299"	"tri"	224
"4300"	"Tri"	31
"4301"	"tro"	129
"4302"	"Tro"	18
"4303"	"tru"	125
"4304"	"Tru"	18
"4305"	"try"	11
"4306"	"ts"	1
"4307"	"tsa"	6
"4308"	"Tsi"	8
"4309"	"Tso"	2
"4310"	"tsu"	3
"4311"	"Tsw"	2
"4312"	"Tua"	4
"4313"	"tub"	29
"4314"	"Tub"	2
"4315"	"tuc"	10
"4316"	"Tuc"	6
"4317"	"Tud"	2
"4318"	"Tue"	3
"4319"	"tuf"	5
"4320"	"tug"	8
"4321"	"tui"	2
"4322"	"tul"	5
"4323"	"Tul"	8
"4324"	"tum"	29
"4325"	"Tum"	2
"4326"	"tun"	37
"4327"	"Tun"	13
"4328"	"Tup"	6
"4329"	"tur"	108
"4330"	"Tur"	21
"4331"	"tus"	15
"4332"	"Tus"	14
"4333"	"tut"	13
"4334"	"Tut"	8
"4335"	"Tuv"	2
"4336"	"tux"	7
"4337"	"twa"	12
"4338"	"Twa"	2
"4339"	"TWA"	2
"4340"	"twe"	42
"4341"	"Twe"	6
"4342"	"twi"	73
"4343"	"Twi"	8
"4344"	"two"	10
"4345"	"Ty"	1
"4346"	"Ty'"	1
"4347"	"tyc"	3
"4348"	"Tyc"	2
"4349"	"tyi"	1
"4350"	"tyk"	3
"4351"	"Tyl"	4
"4352"	"tym"	4
"4353"	"Tyn"	4
"4354"	"typ"	56
"4355"	"tyr"	23
"4356"	"Tyr"	6
"4357"	"Tys"	2
"4358"	"tza"	6
"4359"	"u"	1
"4360"	"U"	1
"4361"	"U's"	1
"4362"	"Uba"	2
"4363"	"ubi"	4
"4364"	"UBS"	2
"4365"	"Ubu"	2
"4366"	"Uca"	2
"4367"	"Ucc"	2
"4368"	"UCL"	2
"4369"	"Uda"	2
"4370"	"udd"	3
"4371"	"Ufa"	2
"4372"	"Uga"	5
"4373"	"ugh"	1
"4374"	"ugl"	5
"4375"	"uh"	1
"4376"	"Uig"	2
"4377"	"Uju"	2
"4378"	"uke"	3
"4379"	"Ukr"	5
"4380"	"uku"	3
"4381"	"ulc"	11
"4382"	"uln"	4
"4383"	"Uls"	2
"4384"	"ult"	23
"4385"	"Ult"	2
"4386"	"ulu"	4
"4387"	"Uly"	4
"4388"	"um"	1
"4389"	"umb"	15
"4390"	"Umb"	2
"4391"	"umi"	3
"4392"	"uml"	3
"4393"	"ump"	12
"4394"	"una"	62
"4395"	"unb"	61
"4396"	"unc"	136
"4397"	"und"	315
"4398"	"Und"	2
"4399"	"une"	56
"4400"	"unf"	79
"4401"	"ung"	24
"4402"	"Ung"	2
"4403"	"unh"	42
"4404"	"uni"	108
"4405"	"Uni"	17
"4406"	"unj"	4
"4407"	"unk"	16
"4408"	"unl"	50
"4409"	"unm"	34
"4410"	"unn"	13
"4411"	"uno"	16
"4412"	"unp"	55
"4413"	"unq"	11
"4414"	"unr"	66
"4415"	"uns"	148
"4416"	"unt"	56
"4417"	"unu"	6
"4418"	"Unu"	2
"4419"	"unv"	8
"4420"	"unw"	45
"4421"	"uny"	1
"4422"	"unz"	4
"4423"	"up"	1
"4424"	"Upa"	2
"4425"	"upb"	10
"4426"	"upc"	7
"4427"	"upd"	9
"4428"	"Upd"	2
"4429"	"upe"	4
"4430"	"upf"	1
"4431"	"upg"	5
"4432"	"uph"	19
"4433"	"Upj"	2
"4434"	"upk"	2
"4435"	"upl"	10
"4436"	"upm"	1
"4437"	"upo"	1
"4438"	"upp"	16
"4439"	"upr"	19
"4440"	"ups"	34
"4441"	"UPS"	2
"4442"	"upt"	11
"4443"	"Upt"	2
"4444"	"upw"	3
"4445"	"Ur"	1
"4446"	"Ur'"	1
"4447"	"ura"	2
"4448"	"Ura"	8
"4449"	"urb"	12
"4450"	"Urb"	2
"4451"	"urc"	3
"4452"	"Urd"	2
"4453"	"ure"	6
"4454"	"Ure"	2
"4455"	"urg"	9
"4456"	"uri"	16
"4457"	"Uri"	6
"4458"	"urn"	3
"4459"	"uro"	5
"4460"	"Urq"	2
"4461"	"Urs"	6
"4462"	"Uru"	7
"4463"	"us"	1
"4464"	"usa"	6
"4465"	"use"	21
"4466"	"Use"	2
"4467"	"ush"	8
"4468"	"usi"	1
"4469"	"Ust"	2
"4470"	"usu"	18
"4471"	"Uta"	2
"4472"	"ute"	8
"4473"	"Ute"	2
"4474"	"uti"	13
"4475"	"utm"	2
"4476"	"uto"	6
"4477"	"Uto"	6
"4478"	"Utr"	4
"4479"	"utt"	10
"4480"	"uvu"	7
"4481"	"Uzb"	4
"4482"	"Uzi"	2
"4483"	"v"	1
"4484"	"V"	1
"4485"	"V's"	1
"4486"	"vac"	44
"4487"	"Vad"	4
"4488"	"vag"	23
"4489"	"vai"	7
"4490"	"val"	64
"4491"	"Val"	42
"4492"	"vam"	12
"4493"	"van"	40
"4494"	"Van"	20
"4495"	"vap"	22
"4496"	"var"	45
"4497"	"Var"	6
"4498"	"vas"	20
"4499"	"Vas"	7
"4500"	"vat"	5
"4501"	"Vat"	2
"4502"	"vau"	16
"4503"	"Vau"	6
"4504"	"Vaz"	2
"4505"	"vea"	2
"4506"	"Veb"	2
"4507"	"vec"	5
"4508"	"Ved"	5
"4509"	"vee"	8
"4510"	"veg"	21
"4511"	"Veg"	6
"4512"	"veh"	8
"4513"	"vei"	10
"4514"	"vel"	20
"4515"	"Vel"	15
"4516"	"ven"	76
"4517"	"Ven"	19
"4518"	"ver"	117
"4519"	"Ver"	38
"4520"	"ves"	27
"4521"	"Ves"	10
"4522"	"vet"	22
"4523"	"vex"	8
"4524"	"via"	13
"4525"	"Via"	4
"4526"	"vib"	27
"4527"	"vic"	54
"4528"	"Vic"	21
"4529"	"vid"	14
"4530"	"Vid"	2
"4531"	"vie"	19
"4532"	"Vie"	14
"4533"	"vig"	21
"4534"	"Vij"	4
"4535"	"Vik"	3
"4536"	"vil"	31
"4537"	"Vil"	14
"4538"	"vim"	2
"4539"	"vin"	34
"4540"	"Vin"	8
"4541"	"vio"	36
"4542"	"Vio"	4
"4543"	"vip"	3
"4544"	"vir"	46
"4545"	"Vir"	12
"4546"	"vis"	66
"4547"	"Vis"	12
"4548"	"vit"	32
"4549"	"Vit"	6
"4550"	"viv"	23
"4551"	"Viv"	8
"4552"	"vix"	4
"4553"	"viz"	6
"4554"	"Vla"	10
"4555"	"voc"	33
"4556"	"vod"	2
"4557"	"vog"	4
"4558"	"Vog"	2
"4559"	"voi"	16
"4560"	"VoI"	1
"4561"	"vol"	56
"4562"	"Vol"	18
"4563"	"vom"	5
"4564"	"Von"	4
"4565"	"voo"	7
"4566"	"vor"	8
"4567"	"Vor"	4
"4568"	"vot"	12
"4569"	"vou"	11
"4570"	"vow"	8
"4571"	"voy"	14
"4572"	"Voy"	2
"4573"	"Vui"	2
"4574"	"vul"	34
"4575"	"Vul"	5
"4576"	"vuv"	3
"4577"	"vyi"	1
"4578"	"w"	1
"4579"	"W"	1
"4580"	"W's"	1
"4581"	"Wab"	2
"4582"	"wac"	13
"4583"	"Wac"	2
"4584"	"wad"	22
"4585"	"Wad"	2
"4586"	"waf"	13
"4587"	"wag"	27
"4588"	"Wag"	4
"4589"	"Wah"	2
"4590"	"wai"	49
"4591"	"Wai"	4
"4592"	"wak"	12
"4593"	"Wak"	4
"4594"	"wal"	67
"4595"	"Wal"	54
"4596"	"wam"	2
"4597"	"wan"	44
"4598"	"Wan"	8
"4599"	"wap"	3
"4600"	"war"	120
"4601"	"War"	16
"4602"	"was"	77
"4603"	"Was"	10
"4604"	"wat"	113
"4605"	"Wat"	23
"4606"	"Wau"	2
"4607"	"wav"	22
"4608"	"wax"	17
"4609"	"way"	20
"4610"	"Way"	2
"4611"	"we"	1
"4612"	"we'"	4
"4613"	"wea"	88
"4614"	"Wea"	2
"4615"	"web"	28
"4616"	"Web"	9
"4617"	"wed"	14
"4618"	"Wed"	7
"4619"	"wee"	50
"4620"	"Wee"	2
"4621"	"wef"	3
"4622"	"Weh"	2
"4623"	"wei"	35
"4624"	"Wei"	14
"4625"	"wel"	47
"4626"	"Wel"	21
"4627"	"wen"	11
"4628"	"Wen"	6
"4629"	"wep"	1
"4630"	"wer"	5
"4631"	"wes"	19
"4632"	"Wes"	25
"4633"	"wet"	16
"4634"	"Wey"	2
"4635"	"Wez"	2
"4636"	"wha"	41
"4637"	"Wha"	2
"4638"	"whe"	80
"4639"	"Whe"	8
"4640"	"whi"	171
"4641"	"Whi"	37
"4642"	"who"	65
"4643"	"why"	3
"4644"	"wic"	17
"4645"	"Wic"	4
"4646"	"wid"	30
"4647"	"wie"	7
"4648"	"Wie"	6
"4649"	"wif"	3
"4650"	"WiF"	1
"4651"	"wig"	30
"4652"	"Wig"	4
"4653"	"Wii"	2
"4654"	"wik"	3
"4655"	"Wik"	3
"4656"	"wil"	69
"4657"	"Wil"	72
"4658"	"wim"	11
"4659"	"Wim"	4
"4660"	"win"	158
"4661"	"Win"	39
"4662"	"wip"	8
"4663"	"wir"	19
"4664"	"wis"	47
"4665"	"Wis"	7
"4666"	"wit"	58
"4667"	"Wit"	6
"4668"	"wiv"	2
"4669"	"wiz"	10
"4670"	"Wm"	1
"4671"	"Wm'"	1
"4672"	"wob"	8
"4673"	"Wob"	2
"4674"	"Wod"	2
"4675"	"woe"	8
"4676"	"wok"	5
"4677"	"wol"	15
"4678"	"Wol"	14
"4679"	"wom"	33
"4680"	"won"	20
"4681"	"Won"	6
"4682"	"woo"	110
"4683"	"Woo"	26
"4684"	"wor"	160
"4685"	"Wor"	11
"4686"	"wot"	1
"4687"	"Wot"	2
"4688"	"wou"	10
"4689"	"wov"	2
"4690"	"Wov"	2
"4691"	"wow"	5
"4692"	"Woz"	4
"4693"	"wra"	31
"4694"	"Wra"	2
"4695"	"wre"	52
"4696"	"Wre"	2
"4697"	"wri"	56
"4698"	"Wri"	4
"4699"	"wro"	27
"4700"	"Wro"	2
"4701"	"wru"	1
"4702"	"wry"	6
"4703"	"Wu"	1
"4704"	"Wu'"	1
"4705"	"Wuh"	2
"4706"	"Wur"	2
"4707"	"wus"	3
"4708"	"Wya"	2
"4709"	"Wyc"	4
"4710"	"Wye"	2
"4711"	"Wyl"	2
"4712"	"Wyn"	2
"4713"	"Wyo"	5
"4714"	"x"	1
"4715"	"X"	1
"4716"	"X's"	1
"4717"	"Xan"	4
"4718"	"Xav"	2
"4719"	"Xe"	1
"4720"	"Xe'"	1
"4721"	"XEm"	2
"4722"	"xen"	5
"4723"	"Xen"	6
"4724"	"xer"	3
"4725"	"Xer"	5
"4726"	"Xho"	2
"4727"	"Xi'"	2
"4728"	"Xia"	2
"4729"	"Xim"	2
"4730"	"Xin"	2
"4731"	"Xio"	2
"4732"	"Xma"	3
"4733"	"Xoc"	2
"4734"	"Xuz"	2
"4735"	"xyl"	8
"4736"	"y"	1
"4737"	"Y"	1
"4738"	"y'a"	1
"4739"	"Y's"	1
"4740"	"yac"	14
"4741"	"Yac"	2
"4742"	"yah"	3
"4743"	"Yah"	6
"4744"	"yak"	5
"4745"	"Yak"	6
"4746"	"Yal"	8
"4747"	"yam"	8
"4748"	"Yam"	6
"4749"	"yan"	5
"4750"	"Yan"	12
"4751"	"Yao"	4
"4752"	"yap"	5
"4753"	"Yaq"	2
"4754"	"yar"	18
"4755"	"Yar"	2
"4756"	"Yat"	4
"4757"	"yaw"	14
"4758"	"ye"	1
"4759"	"yea"	30
"4760"	"Yea"	4
"4761"	"Yek"	2
"4762"	"yel"	18
"4763"	"Yel"	6
"4764"	"Yem"	5
"4765"	"yen"	3
"4766"	"Yen"	2
"4767"	"yeo"	3
"4768"	"yep"	3
"4769"	"Yer"	4
"4770"	"yes"	19
"4771"	"Yes"	2
"4772"	"yet"	2
"4773"	"Yev"	2
"4774"	"yew"	3
"4775"	"Ygg"	2
"4776"	"Yid"	2
"4777"	"yie"	6
"4778"	"yip"	6
"4779"	"Ymi"	2
"4780"	"yo"	1
"4781"	"yoc"	3
"4782"	"yod"	13
"4783"	"Yod"	2
"4784"	"yog"	17
"4785"	"yok"	8
"4786"	"Yok"	6
"4787"	"yol"	3
"4788"	"Yol"	2
"4789"	"yon"	2
"4790"	"Yon"	4
"4791"	"yor"	2
"4792"	"Yor"	10
"4793"	"Yos"	4
"4794"	"you"	26
"4795"	"You"	6
"4796"	"yow"	5
"4797"	"Ypr"	2
"4798"	"Yps"	2
"4799"	"ytt"	2
"4800"	"Yua"	2
"4801"	"yuc"	11
"4802"	"Yuc"	2
"4803"	"Yug"	7
"4804"	"yuk"	5
"4805"	"Yuk"	2
"4806"	"yul"	4
"4807"	"Yul"	6
"4808"	"yum"	4
"4809"	"Yun"	2
"4810"	"yup"	8
"4811"	"Yur"	2
"4812"	"Yve"	4
"4813"	"Yvo"	2
"4814"	"z"	1
"4815"	"Z"	1
"4816"	"Z's"	1
"4817"	"Zac"	6
"4818"	"Zag"	2
"4819"	"Zai"	3
"4820"	"Zam"	13
"4821"	"zan"	7
"4822"	"Zan"	6
"4823"	"zap"	8
"4824"	"Zap"	8
"4825"	"Zar"	2
"4826"	"zea"	9
"4827"	"Zea"	2
"4828"	"zeb"	6
"4829"	"Zeb"	2
"4830"	"Zec"	2
"4831"	"zed"	3
"4832"	"Zed"	4
"4833"	"Zef"	2
"4834"	"Zek"	2
"4835"	"Zel"	4
"4836"	"zen"	3
"4837"	"Zen"	7
"4838"	"zep"	6
"4839"	"Zep"	6
"4840"	"zer"	6
"4841"	"zes"	5
"4842"	"Zes"	2
"4843"	"zet"	1
"4844"	"Zeu"	2
"4845"	"Zhe"	2
"4846"	"Zhi"	2
"4847"	"Zhu"	2
"4848"	"Zib"	2
"4849"	"Zie"	4
"4850"	"zig"	5
"4851"	"Zig"	2
"4852"	"zil"	5
"4853"	"Zim"	7
"4854"	"zin"	18
"4855"	"Zin"	2
"4856"	"Zio"	9
"4857"	"zip"	13
"4858"	"Zip"	2
"4859"	"zir"	5
"4860"	"zit"	6
"4861"	"Zn"	1
"4862"	"Zn'"	1
"4863"	"zod"	4
"4864"	"Zoe"	2
"4865"	"Zol"	6
"4866"	"zom"	6
"4867"	"Zom"	2
"4868"	"zon"	7
"4869"	"zoo"	14
"4870"	"Zor"	11
"4871"	"Zos"	2
"4872"	"Zr"	1
"4873"	"Zr'"	1
"4874"	"Zsi"	2
"4875"	"Zub"	4
"4876"	"zuc"	3
"4877"	"Zuk"	2
"4878"	"Zul"	3
"4879"	"Zun"	2
"4880"	"Zür"	2
"4881"	"zwi"	2
"4882"	"Zwi"	2
"4883"	"Zwo"	2
"4884"	"zyg"	3
"4885"	"Zyr"	2
"4886"	"Zyu"	2
